Year,Gold count,Silver count,Bronze count,None count,country_iso
1992,18,48,19,383,CHN
2012,56,40,29,354,CHN
2000,39,23,17,335,CHN
2004,52,27,15,424,CHN
2016,46,30,37,386,CHN
2006,2,5,6,133,CHN
1998,0,9,5,74,CHN
2002,2,5,9,92,CHN
1996,19,70,17,332,CHN
2008,74,53,57,546,CHN
2014,3,4,5,97,CHN
1984,24,13,37,319,CHN
1936,0,0,0,65,CHN
1980,0,0,0,38,CHN
1988,6,16,30,390,CHN
2010,9,3,7,108,CHN
1948,0,0,0,33,CHN
1994,0,1,2,40,CHN
1932,0,0,0,2,CHN
1952,0,0,0,1,CHN
1920,26,44,1,175,DNK
1948,7,17,24,199,DNK
1952,3,1,5,187,DNK
2000,18,3,4,87,DNK
1908,0,14,3,90,DNK
1972,1,0,0,154,DNK
1928,6,1,4,107,DNK
1996,21,1,1,110,DNK
1994,0,0,0,9,DNK
2010,0,0,0,23,DNK
1956,1,1,1,45,DNK
1906,14,19,1,23,DNK
1912,0,46,28,133,DNK
1932,0,7,4,83,DNK
1936,0,3,3,160,DNK
1992,3,2,9,135,DNK
2016,15,10,16,102,DNK
1960,2,12,4,86,DNK
2004,19,1,7,76,DNK
1924,2,6,3,140,DNK
1964,4,1,4,59,DNK
1976,3,0,5,73,DNK
1968,5,6,6,82,DNK
2008,6,7,3,85,DNK
2012,3,5,6,131,DNK
1984,0,3,10,61,DNK
1980,4,2,2,52,DNK
1988,3,1,3,124,DNK
1900,1,3,2,27,DNK
1998,0,5,0,14,DNK
2002,0,0,0,11,DNK
2006,0,0,0,4,DNK
2014,0,0,0,15,DNK
1896,1,2,3,9,DNK
1988,6,8,38,175,NLD
1992,6,21,10,260,NLD
1994,0,1,3,39,NLD
1932,2,10,1,65,NLD
1984,20,7,14,173,NLD
1996,38,9,26,213,NLD
2000,27,29,23,206,NLD
2016,9,25,11,276,NLD
1976,1,4,15,178,NLD
2012,21,29,19,149,NLD
1968,9,10,4,143,NLD
1980,1,3,6,149,NLD
1924,8,1,15,219,NLD
1928,20,23,8,333,NLD
2004,4,51,22,187,NLD
2008,39,15,4,218,NLD
1972,7,4,4,210,NLD
1952,0,21,0,174,NLD
1960,0,2,3,162,NLD
1964,6,11,16,131,NLD
1948,8,2,30,155,NLD
1936,8,7,19,204,NLD
2002,3,5,0,37,NLD
1908,0,0,12,202,NLD
1920,9,8,25,163,NLD
2014,13,7,9,53,NLD
1906,0,1,5,43,NLD
1900,0,0,6,40,NLD
2010,4,1,6,54,NLD
1912,0,0,26,19,NLD
1998,5,4,2,37,NLD
2006,3,2,8,46,NLD
1956,0,0,0,17,NLD
1992,94,57,87,730,USA
1994,6,8,5,218,USA
2004,117,75,71,463,USA
1928,53,30,19,369,USA
2010,12,63,22,244,USA
2014,10,30,24,303,USA
2016,139,54,71,455,USA
1900,30,16,17,72,USA
2008,127,110,80,446,USA
2000,130,61,51,522,USA
2012,145,57,46,441,USA
1924,98,46,50,306,USA
1904,128,141,125,715,USA
1932,91,68,64,590,USA
1996,159,48,52,580,USA
1984,190,121,50,488,USA
1972,72,77,46,530,USA
1976,73,61,41,530,USA
1988,89,67,58,698,USA
1920,111,45,38,279,USA
1936,53,29,30,449,USA
1912,46,25,36,257,USA
1908,34,16,15,154,USA
1980,24,4,2,125,USA
1952,87,48,29,383,USA
2006,9,11,32,273,USA
1948,93,34,41,353,USA
1960,100,27,25,381,USA
1964,96,39,42,442,USA
1998,25,4,5,250,USA
2002,11,58,15,229,USA
1956,63,61,25,386,USA
1968,100,37,36,491,USA
1906,12,6,6,57,USA
1896,11,7,2,7,USA
2002,7,5,1,152,FIN
1952,14,7,31,433,FIN
1980,4,6,11,189,FIN
2000,3,1,1,83,FIN
1996,1,2,1,101,FIN
1994,0,1,29,82,FIN
1912,9,40,22,162,FIN
1920,21,14,17,84,FIN
1924,28,21,18,219,FIN
2014,2,7,24,114,FIN
1948,18,14,10,218,FIN
1992,7,5,8,224,FIN
1936,12,8,16,186,FIN
1932,6,9,17,46,FIN
1928,10,9,10,130,FIN
1906,2,1,1,14,FIN
1960,6,4,9,274,FIN
1968,2,4,6,209,FIN
1976,9,12,1,165,FIN
1988,8,23,7,155,FIN
2004,0,2,0,65,FIN
1998,2,7,49,74,FIN
2006,0,34,7,99,FIN
2010,0,1,46,99,FIN
1972,3,10,7,196,FIN
1984,8,5,18,156,FIN
2008,1,2,2,65,FIN
2012,0,1,4,64,FIN
1964,6,7,7,218,FIN
1956,8,7,23,161,FIN
1908,1,1,28,64,FIN
2016,0,0,1,66,FIN
1992,11,30,6,223,NOR
1994,8,17,5,129,NOR
1998,13,15,12,109,NOR
2002,23,11,7,125,NOR
2006,2,9,12,138,NOR
2008,16,5,1,80,NOR
2000,20,4,19,72,NOR
2004,5,0,2,53,NOR
1960,5,6,0,94,NOR
1964,3,6,6,118,NOR
1920,58,52,27,130,NOR
1984,6,6,7,210,NOR
1968,15,11,2,165,NOR
1972,4,10,11,250,NOR
1912,40,6,34,183,NOR
1996,2,3,18,93,NOR
1952,12,14,6,259,NOR
1956,3,1,3,99,NOR
1936,8,20,18,85,NOR
1948,7,7,17,141,NOR
1924,18,12,9,102,NOR
1928,10,8,6,89,NOR
1988,2,26,5,161,NOR
1980,1,5,9,85,NOR
2016,0,0,19,58,NOR
2012,15,1,1,52,NOR
1908,7,32,3,61,NOR
1976,5,10,1,144,NOR
1900,0,6,3,20,NOR
1906,20,5,0,30,NOR
2010,16,14,9,151,NOR
2014,18,5,13,183,NOR
1932,3,4,3,31,NOR
1904,2,0,0,4,NOR
2016,4,2,10,105,ROU
1936,0,1,0,139,ROU
1952,1,1,2,262,ROU
2008,5,1,16,150,ROU
2014,0,0,0,40,ROU
1976,4,28,23,243,ROU
2012,2,8,6,139,ROU
1984,40,31,35,122,ROU
1972,3,10,27,241,ROU
1928,0,0,0,43,ROU
1956,6,3,10,119,ROU
2000,27,6,13,206,ROU
1980,7,15,46,313,ROU
1968,5,9,11,116,ROU
1996,13,10,15,246,ROU
1960,3,1,11,141,ROU
2010,0,0,0,49,ROU
1964,2,4,10,247,ROU
1988,8,34,16,139,ROU
1992,8,31,14,315,ROU
1994,0,0,0,48,ROU
1998,0,0,0,29,ROU
2002,0,0,0,41,ROU
2006,0,0,0,53,ROU
2004,23,5,11,154,ROU
1924,0,0,16,29,ROU
1948,0,0,0,14,ROU
1932,0,0,0,8,ROU
1900,0,0,0,1,ROU
1936,2,2,3,38,EST
1998,0,0,0,48,EST
2002,1,1,1,48,EST
2004,0,1,2,42,EST
2008,1,2,0,50,EST
1992,1,0,2,94,EST
1996,0,0,0,52,EST
2012,0,1,1,34,EST
2016,0,0,4,45,EST
1994,0,0,0,67,EST
1924,1,1,4,41,EST
2000,1,0,2,38,EST
2006,3,0,0,60,EST
1928,2,1,6,20,EST
2010,0,1,0,63,EST
2014,0,0,0,66,EST
1920,1,2,0,17,EST
1932,0,0,0,3,EST
2012,30,30,22,344,FRA
1976,5,7,9,340,FRA
1956,7,13,13,246,FRA
2008,25,24,28,371,FRA
2016,20,55,21,416,FRA
2004,21,10,22,408,FRA
1952,14,9,18,412,FRA
1984,20,17,33,341,FRA
1998,2,1,12,144,FRA
1968,16,8,12,393,FRA
1996,21,10,20,402,FRA
1988,13,4,14,497,FRA
1972,2,6,17,400,FRA
1948,28,23,26,416,FRA
1900,52,101,82,836,FRA
1924,37,51,32,584,FRA
1912,10,11,5,206,FRA
1992,14,11,44,601,FRA
1960,1,6,8,403,FRA
1928,14,24,14,417,FRA
1932,28,8,6,125,FRA
2014,4,4,10,183,FRA
2000,22,30,14,404,FRA
1980,18,5,7,214,FRA
1994,0,1,10,158,FRA
1964,4,17,17,226,FRA
2002,5,5,5,161,FRA
1920,13,71,57,311,FRA
1908,12,5,23,279,FRA
1936,13,13,19,292,FRA
2006,3,2,10,144,FRA
2010,2,6,6,182,FRA
1906,20,16,28,110,FRA
1896,5,4,2,15,FRA
1904,0,2,0,0,FRA
2012,0,0,1,66,MAR
2008,0,1,1,47,MAR
2000,0,1,4,50,MAR
1992,1,1,1,65,MAR
1988,1,0,2,32,MAR
1996,0,0,2,36,MAR
1960,0,1,0,110,MAR
1964,0,0,0,21,MAR
1984,2,0,0,40,MAR
2004,2,1,0,54,MAR
1968,0,0,0,33,MAR
2016,0,0,1,51,MAR
1972,0,0,0,39,MAR
2010,0,0,0,2,MAR
1976,0,0,0,9,MAR
2014,0,0,0,4,MAR
2016,9,19,17,318,ESP
2008,7,47,16,285,ESP
1996,23,21,22,318,ESP
1976,0,6,0,165,ESP
1980,2,19,3,202,ESP
1984,2,14,3,263,ESP
2004,4,17,9,393,ESP
2000,3,19,20,389,ESP
1992,48,19,3,512,ESP
1988,1,2,2,341,ESP
1952,0,1,0,52,ESP
2012,5,33,25,276,ESP
1920,0,23,0,88,ESP
1948,0,3,0,93,ESP
1968,0,0,0,165,ESP
1964,0,0,0,79,ESP
1960,0,0,14,236,ESP
1928,3,0,0,103,ESP
1924,0,0,0,151,ESP
1972,1,0,1,167,ESP
1932,0,0,1,7,ESP
1994,0,0,0,33,ESP
1998,0,0,0,24,ESP
1956,0,0,0,30,ESP
2006,0,0,0,28,ESP
1900,2,0,0,10,ESP
1936,0,0,0,6,ESP
2014,0,0,0,39,ESP
2010,0,0,0,35,ESP
2002,0,0,0,16,ESP
2000,0,0,0,103,EGY
1920,0,0,0,22,EGY
1928,2,1,1,39,EGY
1964,0,0,0,83,EGY
1952,0,0,1,195,EGY
2004,1,1,3,99,EGY
2012,0,2,0,130,EGY
2008,0,0,1,115,EGY
2016,0,0,3,134,EGY
1992,0,0,0,83,EGY
1996,0,0,0,33,EGY
1948,2,2,1,161,EGY
1976,0,0,0,26,EGY
1984,0,1,0,150,EGY
1972,0,0,0,26,EGY
1988,0,0,0,59,EGY
1936,2,1,2,61,EGY
1968,0,0,0,35,EGY
1924,0,0,0,30,EGY
1906,0,0,0,5,EGY
1956,0,0,0,6,EGY
1988,10,14,17,288,BGR
1924,0,0,0,31,BGR
1956,1,3,14,79,BGR
1960,1,3,3,191,BGR
1976,8,13,18,257,BGR
1980,8,44,39,322,BGR
1994,0,0,0,38,BGR
1964,3,5,2,125,BGR
1968,2,21,3,179,BGR
2010,0,0,0,41,BGR
2012,0,1,1,73,BGR
2016,0,1,6,51,BGR
1992,3,7,7,283,BGR
2004,2,1,14,102,BGR
2008,1,1,3,82,BGR
1972,6,10,6,216,BGR
2014,0,0,0,47,BGR
1996,3,12,6,160,BGR
1936,0,0,0,96,BGR
2000,5,6,2,137,BGR
1952,0,0,1,197,BGR
1984,0,0,0,33,BGR
1998,1,0,0,33,BGR
2002,0,1,2,51,BGR
2006,0,1,0,43,BGR
1948,0,0,0,9,BGR
1932,0,0,0,2,BGR
1928,0,0,0,10,BGR
2016,8,40,24,327,ITA
2012,16,22,30,314,ITA
2008,8,14,20,417,ITA
1936,37,34,5,321,ITA
1988,13,11,13,442,ITA
1996,19,24,28,389,ITA
2000,22,14,29,392,ITA
1984,31,6,28,420,ITA
1992,25,19,22,545,ITA
1980,8,24,8,237,ITA
1964,14,30,17,288,ITA
1968,13,8,20,306,ITA
1972,12,8,14,380,ITA
1948,22,32,14,323,ITA
1908,2,6,0,89,ITA
2004,24,41,39,370,ITA
1956,28,17,10,245,ITA
1952,18,22,16,372,ITA
1928,24,22,26,217,ITA
1932,21,38,18,97,ITA
2014,0,2,12,213,ITA
1912,22,1,2,71,ITA
1976,3,27,5,371,ITA
1994,14,6,12,161,ITA
1998,3,9,5,162,ITA
1960,36,18,35,371,ITA
1906,21,8,27,47,ITA
1924,25,5,21,306,ITA
1920,67,9,8,207,ITA
2006,11,0,14,265,ITA
2010,1,1,3,203,ITA
2002,4,11,6,177,ITA
1900,3,2,0,31,ITA
1904,0,0,0,1,ITA
1896,0,0,0,1,ITA
1992,0,0,0,7,TCD
1972,0,0,0,5,TCD
1996,0,0,0,4,TCD
2016,0,0,0,2,TCD
1984,0,0,0,3,TCD
1988,0,0,0,6,TCD
1964,0,0,0,2,TCD
1968,0,0,0,4,TCD
2000,0,0,0,3,TCD
2004,0,0,0,1,TCD
2008,0,0,0,2,TCD
2012,0,0,0,2,TCD
2016,1,7,10,51,AZE
2008,1,2,4,37,AZE
2000,2,0,1,29,AZE
1996,0,1,0,23,AZE
2004,1,0,4,32,AZE
2012,2,2,6,49,AZE
1998,0,0,0,4,AZE
2010,0,0,0,4,AZE
2014,0,0,0,4,AZE
2002,0,0,0,4,AZE
2006,0,0,0,2,AZE
1972,0,0,0,31,SDN
1960,0,0,0,13,SDN
1968,0,0,0,7,SDN
2008,0,1,0,8,SDN
2000,0,0,0,3,SDN
2004,0,0,0,4,SDN
1996,0,0,0,4,SDN
1984,0,0,0,9,SDN
2012,0,0,0,6,SDN
2016,0,0,0,6,SDN
1988,0,0,0,8,SDN
1992,0,0,0,7,SDN
2008,43,46,53,458,RUS
2012,50,39,51,409,RUS
2004,48,46,95,404,RUS
2016,52,28,35,291,RUS
1994,19,13,4,172,RUS
2006,16,12,13,242,RUS
2010,6,5,14,254,RUS
2000,66,67,54,415,RUS
2002,6,5,27,202,RUS
1912,0,5,9,252,RUS
1996,36,45,34,437,RUS
1998,14,32,6,145,RUS
2014,33,22,13,285,RUS
1900,0,0,0,5,RUS
1908,1,2,0,4,RUS
1924,0,0,0,3,RUS
2000,0,17,3,145,ARG
2012,1,15,3,129,ARG
1980,0,0,0,26,ARG
1968,0,0,2,142,ARG
1972,0,1,0,128,ARG
1976,0,0,0,122,ARG
1960,0,3,1,126,ARG
1964,0,1,0,169,ARG
2008,20,0,31,94,ARG
1952,2,2,2,189,ARG
2016,21,1,0,210,ARG
1948,3,7,1,304,ARG
1988,0,1,12,166,ARG
1984,0,0,0,152,ARG
2006,0,0,0,17,ARG
1992,0,0,2,155,ARG
1936,5,2,4,57,ARG
1924,5,3,2,99,ARG
1996,0,19,1,201,ARG
2004,28,0,21,130,ARG
1928,3,18,5,82,ARG
2002,0,0,0,26,ARG
1956,0,1,1,42,ARG
1932,3,1,0,43,ARG
2014,0,0,0,20,ARG
1994,0,0,0,20,ARG
1998,0,0,0,6,ARG
1900,0,0,0,1,ARG
2010,0,0,0,20,ARG
1920,0,0,0,1,ARG
1908,0,0,0,1,ARG
2000,18,35,12,206,CUB
1992,42,13,14,127,CUB
2012,5,3,6,104,CUB
1976,6,4,14,170,CUB
1980,8,7,5,268,CUB
1972,3,1,18,179,CUB
2008,2,34,11,124,CUB
1948,0,2,0,110,CUB
1952,0,0,0,57,CUB
1996,37,8,10,123,CUB
2004,32,8,22,115,CUB
2016,5,2,4,132,CUB
1960,0,0,0,21,CUB
1968,0,10,0,217,CUB
1924,0,0,0,13,CUB
1956,0,0,0,24,CUB
1928,0,0,0,1,CUB
1964,0,1,0,75,CUB
1904,5,0,0,1,CUB
1932,0,0,0,3,CUB
1900,1,1,0,0,CUB
2004,2,5,8,177,BLR
2008,8,5,16,208,BLR
2016,1,4,7,130,BLR
2010,1,1,1,92,BLR
2014,5,0,1,66,BLR
1996,1,6,16,236,BLR
1998,0,0,2,105,BLR
2000,3,8,11,209,BLR
2012,3,12,8,162,BLR
2002,0,0,1,122,BLR
2006,0,1,0,69,BLR
1994,0,2,0,72,BLR
2004,8,18,5,464,GRC
1996,4,4,0,172,GRC
2000,4,6,8,157,GRC
2008,0,3,4,165,GRC
2012,0,0,3,112,GRC
2016,3,1,3,97,GRC
1976,0,0,0,50,GRC
1906,7,11,10,290,GRC
1896,10,16,18,96,GRC
1988,0,0,1,86,GRC
1980,1,0,4,46,GRC
1984,0,1,1,84,GRC
1972,0,2,0,70,GRC
1968,0,0,1,51,GRC
1928,0,0,0,47,GRC
1924,1,0,0,78,GRC
1992,2,0,0,100,GRC
1994,0,0,0,15,GRC
1998,0,0,0,16,GRC
1920,0,5,0,93,GRC
2014,0,0,0,13,GRC
1912,1,0,1,75,GRC
1960,0,0,0,52,GRC
1936,0,0,0,66,GRC
1948,0,0,0,95,GRC
1952,0,0,0,58,GRC
2002,0,0,0,17,GRC
1908,0,3,1,45,GRC
1932,0,0,0,16,GRC
2010,0,0,0,12,GRC
1956,0,0,1,19,GRC
2006,0,0,0,8,GRC
1904,1,0,1,10,GRC
1964,0,0,0,23,GRC
1900,0,0,0,4,GRC
2000,18,0,0,21,CMR
1968,0,1,0,4,CMR
2012,0,0,0,32,CMR
2016,0,0,0,22,CMR
1984,0,0,1,55,CMR
1996,0,0,0,19,CMR
1988,0,0,0,21,CMR
1972,0,0,0,18,CMR
1980,0,0,0,29,CMR
2008,1,0,0,31,CMR
2004,1,0,0,18,CMR
1992,0,0,0,12,CMR
1976,0,0,0,4,CMR
2002,0,0,0,2,CMR
1964,0,0,0,2,CMR
1996,4,1,1,55,TUR
2004,3,3,5,63,TUR
2008,1,3,3,64,TUR
1968,2,0,0,48,TUR
1948,6,4,2,85,TUR
1952,2,0,1,55,TUR
2000,3,0,2,62,TUR
2016,1,3,4,111,TUR
1936,1,0,1,70,TUR
2014,0,0,0,11,TUR
1988,1,1,0,68,TUR
1924,0,0,0,23,TUR
1956,3,2,2,31,TUR
1960,7,2,0,55,TUR
1964,2,3,1,31,TUR
1972,0,1,0,49,TUR
2012,2,2,1,114,TUR
1976,0,0,0,47,TUR
1984,0,0,3,70,TUR
1998,0,0,0,1,TUR
2002,0,0,0,5,TUR
1928,0,0,0,40,TUR
1992,2,2,2,65,TUR
2006,0,0,0,17,TUR
2010,0,0,0,9,TUR
1912,0,0,0,7,TUR
1906,0,0,0,2,TUR
1932,0,0,0,2,TUR
1994,0,0,0,1,TUR
1924,0,0,0,18,CHL
1992,0,0,0,27,CHL
1984,0,0,0,76,CHL
2016,0,0,0,47,CHL
1948,0,0,0,83,CHL
1960,0,0,0,21,CHL
1936,0,0,0,55,CHL
1952,0,4,0,85,CHL
1988,0,1,0,38,CHL
1956,0,2,2,46,CHL
1912,0,0,0,28,CHL
1928,0,1,0,45,CHL
2008,0,1,0,28,CHL
2000,0,0,17,41,CHL
2006,0,0,0,15,CHL
1996,0,0,0,24,CHL
2012,0,0,0,44,CHL
2004,3,0,1,25,CHL
1968,0,0,0,36,CHL
2010,0,0,0,10,CHL
2014,0,0,0,14,CHL
1972,0,0,0,13,CHL
2002,0,0,0,11,CHL
1920,0,0,0,2,CHL
1964,0,0,0,27,CHL
1976,0,0,0,20,CHL
1998,0,0,0,6,CHL
1994,0,0,0,7,CHL
2000,1,2,3,92,MEX
1968,3,3,3,437,MEX
2016,0,3,2,134,MEX
1996,0,0,1,110,MEX
2004,0,3,1,133,MEX
1984,2,3,1,152,MEX
1992,0,1,0,173,MEX
1936,0,0,16,16,MEX
2008,2,0,2,99,MEX
2012,16,5,3,95,MEX
1948,4,1,4,140,MEX
1988,0,0,2,163,MEX
1960,0,0,1,109,MEX
1964,0,0,1,127,MEX
1924,0,0,0,28,MEX
1972,0,1,0,280,MEX
1976,1,0,1,135,MEX
1928,0,0,0,60,MEX
1956,1,0,1,34,MEX
1932,0,2,0,98,MEX
1952,0,1,0,84,MEX
1980,0,1,9,64,MEX
2002,0,0,0,3,MEX
1900,0,0,3,0,MEX
1994,0,0,0,1,MEX
2010,0,0,0,2,MEX
2014,0,0,0,1,MEX
2004,0,0,0,6,NIC
1976,0,0,0,25,NIC
2008,0,0,0,7,NIC
1992,0,0,0,9,NIC
1996,0,0,0,28,NIC
1980,0,0,0,6,NIC
1968,0,0,0,16,NIC
2012,0,0,0,6,NIC
1972,0,0,0,10,NIC
1984,0,0,0,5,NIC
2000,0,0,0,6,NIC
2016,0,0,0,5,NIC
1992,14,23,8,368,HUN
1936,25,1,17,321,HUN
1988,20,9,15,278,HUN
1924,2,12,8,124,HUN
1912,10,17,3,177,HUN
1952,53,17,34,262,HUN
1972,10,46,25,287,HUN
1996,8,9,26,272,HUN
1964,42,7,7,305,HUN
2000,25,24,4,185,HUN
2004,24,12,4,218,HUN
1960,13,16,37,250,HUN
1968,32,20,29,243,HUN
1980,8,15,40,331,HUN
1976,14,6,35,236,HUN
1948,15,27,22,201,HUN
2012,12,8,6,175,HUN
2016,12,3,7,182,HUN
1908,7,7,6,87,HUN
1906,5,5,3,86,HUN
2008,16,8,3,189,HUN
1956,30,20,16,133,HUN
1932,20,5,10,87,HUN
1928,10,11,0,214,HUN
1998,0,0,0,24,HUN
2002,0,0,0,46,HUN
1900,1,2,2,29,HUN
2010,0,0,0,32,HUN
2014,0,0,0,37,HUN
1994,0,0,0,28,HUN
1896,2,1,3,12,HUN
2006,0,0,0,32,HUN
1904,2,1,1,5,HUN
1984,0,0,0,16,HUN
1972,0,0,1,35,NGA
1968,0,0,0,46,NGA
1988,0,0,0,82,NGA
2012,0,0,0,58,NGA
2016,0,0,18,59,NGA
2008,0,16,7,66,NGA
1984,0,1,4,31,NGA
1996,17,4,3,60,NGA
1992,0,7,4,57,NGA
1980,0,0,0,56,NGA
2000,6,2,0,88,NGA
1964,0,0,1,18,NGA
1952,0,0,0,15,NGA
1956,0,0,0,14,NGA
2004,0,0,8,63,NGA
1960,0,0,0,15,NGA
2012,1,0,0,38,DZA
2016,0,2,0,72,DZA
1980,0,0,0,63,DZA
1988,0,0,0,45,DZA
1992,1,0,1,42,DZA
2008,0,1,1,55,DZA
1996,2,0,1,44,DZA
1984,0,0,2,31,DZA
2000,1,1,3,46,DZA
2004,0,0,0,71,DZA
1972,0,0,0,7,DZA
2006,0,0,0,3,DZA
2010,0,0,0,1,DZA
1968,0,0,0,9,DZA
1964,0,0,0,7,DZA
1976,0,0,0,21,KWT
1980,0,0,0,67,KWT
1972,0,0,0,4,KWT
2000,0,0,1,29,KWT
1992,0,0,0,37,KWT
1988,0,0,0,34,KWT
1984,0,0,0,31,KWT
1996,0,0,0,27,KWT
2012,0,0,1,11,KWT
2004,0,0,0,11,KWT
2008,0,0,0,8,KWT
1968,0,0,0,2,KWT
2016,1,1,0,31,BHR
2000,0,0,0,4,BHR
1984,0,0,0,14,BHR
1992,0,0,0,15,BHR
2004,0,0,0,10,BHR
2008,0,0,0,15,BHR
1996,0,0,0,5,BHR
1988,0,0,0,16,BHR
2012,0,0,1,13,BHR
1996,0,0,0,24,PAK
1992,0,0,16,12,PAK
2010,0,0,0,1,PAK
2000,0,0,0,27,PAK
2004,0,0,0,26,PAK
2012,0,0,0,21,PAK
2008,0,0,0,22,PAK
1960,13,0,1,39,PAK
1964,0,16,0,31,PAK
1948,0,0,0,44,PAK
1952,0,0,0,51,PAK
1988,0,0,1,32,PAK
1968,13,0,0,2,PAK
1984,16,0,0,17,PAK
1972,0,15,0,11,PAK
1956,0,14,0,65,PAK
2016,0,0,0,7,PAK
1976,0,0,16,8,PAK
2014,0,0,0,1,PAK
1964,0,0,0,19,IRQ
2004,0,0,0,24,IRQ
2016,0,0,0,20,IRQ
1980,0,0,0,44,IRQ
1960,0,0,1,27,IRQ
2008,0,0,0,4,IRQ
2012,0,0,0,8,IRQ
1992,0,0,0,8,IRQ
1988,0,0,0,28,IRQ
1984,0,0,0,25,IRQ
1948,0,0,0,13,IRQ
2000,0,0,0,4,IRQ
1996,0,0,0,3,IRQ
1968,0,0,0,4,IRQ
1988,0,0,0,40,LBN
1968,0,0,0,21,LBN
1972,0,1,0,37,LBN
1992,0,0,0,26,LBN
2010,0,0,0,6,LBN
1980,0,0,1,25,LBN
2004,0,0,0,5,LBN
2000,0,0,0,6,LBN
1960,0,0,0,25,LBN
2006,0,0,0,7,LBN
1964,0,0,0,20,LBN
1984,0,0,0,38,LBN
2012,0,0,0,10,LBN
2016,0,0,0,9,LBN
1948,0,0,0,12,LBN
2014,0,0,0,3,LBN
1952,0,1,1,10,LBN
1996,0,0,0,1,LBN
1976,0,0,0,5,LBN
2002,0,0,0,3,LBN
1956,0,0,0,8,LBN
2008,0,0,0,6,LBN
2004,0,0,0,15,QAT
1992,0,0,1,29,QAT
1996,0,0,0,13,QAT
2008,0,0,0,20,QAT
1984,0,0,0,26,QAT
2012,0,0,2,12,QAT
2000,0,0,1,18,QAT
2016,0,1,0,41,QAT
1988,0,0,0,13,QAT
1984,0,0,0,27,MYS
1996,0,0,1,38,MYS
2000,0,0,0,51,MYS
1992,0,0,0,26,MYS
1968,0,0,0,35,MYS
2012,0,1,1,36,MYS
2016,0,7,1,34,MYS
1976,0,0,0,25,MYS
1964,0,0,0,81,MYS
1988,0,0,0,17,MYS
1972,0,0,0,57,MYS
2008,0,1,0,37,MYS
2004,0,0,0,34,MYS
1900,1,1,0,39,DEU
1928,21,15,41,358,DEU
2008,39,16,41,451,DEU
2016,47,43,67,371,DEU
1912,6,19,14,246,DEU
1906,14,10,6,127,DEU
1994,14,10,6,132,DEU
2002,18,21,10,190,DEU
2000,31,23,62,435,DEU
1996,42,35,45,496,DEU
1998,16,12,6,163,DEU
2006,15,23,6,195,DEU
1908,4,11,4,123,DEU
1936,93,72,55,398,DEU
2004,41,43,63,429,DEU
1992,93,66,65,596,DEU
2012,43,27,22,402,DEU
1952,4,16,25,376,DEU
1960,38,35,20,424,DEU
1964,25,43,53,468,DEU
1932,10,26,17,160,DEU
2014,13,12,7,203,DEU
1956,10,20,24,277,DEU
2010,13,18,11,185,DEU
1896,24,5,2,62,DEU
1904,4,5,6,36,DEU
1996,8,30,12,358,CAN
2000,4,4,23,391,CAN
1976,1,10,15,614,CAN
2008,11,13,11,414,CAN
1984,21,37,33,572,CAN
1952,17,3,1,193,CAN
2012,1,21,33,299,CAN
2016,4,4,61,336,CAN
2006,30,28,11,236,CAN
2010,67,15,8,218,CAN
1972,0,3,9,417,CAN
1936,1,25,9,173,CAN
1928,19,5,21,99,CAN
1960,3,26,1,185,CAN
2014,59,22,5,273,CAN
1964,6,4,2,277,CAN
1992,32,33,15,551,CAN
1988,4,7,18,664,CAN
2002,52,7,15,141,CAN
2004,3,10,4,374,CAN
1904,27,9,12,13,CAN
1980,0,1,1,84,CAN
1998,14,28,7,159,CAN
1908,14,8,30,96,CAN
1968,4,4,22,372,CAN
1906,1,1,0,2,CAN
1932,16,14,29,185,CAN
1924,9,19,1,71,CAN
1956,5,11,23,163,CAN
1948,13,2,7,213,CAN
1994,3,29,5,112,CAN
1912,3,2,3,52,CAN
1920,10,3,3,69,CAN
1900,1,0,1,5,CAN
2016,0,3,0,90,IRL
1948,0,0,1,82,IRL
1996,3,0,1,95,IRL
1964,0,0,1,34,IRL
2012,1,1,3,71,IRL
1928,1,0,0,43,IRL
2004,0,0,0,55,IRL
2008,0,1,2,60,IRL
1960,0,0,0,63,IRL
1968,0,0,0,57,IRL
1972,0,0,0,84,IRL
1924,0,1,1,58,IRL
2010,0,0,0,7,IRL
1956,1,1,3,20,IRL
2014,0,0,0,8,IRL
1992,1,1,0,79,IRL
1980,0,2,1,54,IRL
2000,0,1,0,75,IRL
1976,0,0,0,59,IRL
1988,0,0,0,78,IRL
1952,0,1,0,24,IRL
1984,0,1,0,54,IRL
1932,2,0,0,16,IRL
2006,0,0,0,5,IRL
1998,0,0,0,10,IRL
2002,0,0,0,9,IRL
1912,0,0,0,6,IRL
2008,31,42,76,421,AUS
2012,18,37,59,400,AUS
2000,60,69,54,605,AUS
2004,49,77,31,444,AUS
2016,23,34,25,436,AUS
1956,28,13,26,362,AUS
1960,11,24,11,272,AUS
1992,14,27,16,374,AUS
1976,0,15,8,270,AUS
1984,7,14,31,305,AUS
1988,18,6,11,340,AUS
1996,32,16,84,418,AUS
1948,2,9,5,87,AUS
1952,7,2,11,139,AUS
1964,8,6,30,362,AUS
1972,11,7,2,258,AUS
1980,6,2,5,196,AUS
2006,1,0,1,43,AUS
2010,2,1,0,46,AUS
2014,0,2,1,81,AUS
1968,5,35,11,180,AUS
1924,4,5,2,50,AUS
1936,0,0,1,41,AUS
1994,0,0,4,43,AUS
1998,0,0,1,33,AUS
1906,0,0,3,7,AUS
1932,3,1,1,15,AUS
2002,2,0,0,39,AUS
1920,0,6,1,22,AUS
1928,1,2,1,25,AUS
1896,2,0,1,2,AUS
1904,0,3,1,2,AUS
1900,3,0,3,0,AUS
2008,0,1,0,178,ZAF
1956,0,0,7,78,ZAF
2000,0,2,3,156,ZAF
1992,0,3,0,138,ZAF
2016,2,7,14,132,ZAF
1996,3,1,1,106,ZAF
1952,2,8,4,92,ZAF
2012,6,2,1,136,ZAF
1948,2,2,2,37,ZAF
1924,1,1,1,41,ZAF
1928,1,0,5,34,ZAF
1960,0,1,2,71,ZAF
2004,4,3,3,118,ZAF
1932,2,0,3,13,ZAF
1920,3,12,6,72,ZAF
1936,0,1,0,53,ZAF
1912,5,2,0,49,ZAF
2006,0,0,0,9,ZAF
1908,1,1,0,31,ZAF
1904,0,0,0,3,ZAF
1998,0,0,0,3,ZAF
2002,0,0,0,4,ZAF
2010,0,0,0,2,ZAF
1994,0,0,0,3,ZAF
2008,0,0,0,11,ERI
2012,0,0,0,12,ERI
2016,0,0,0,12,ERI
2000,0,0,0,3,ERI
2004,0,0,1,4,ERI
1984,0,0,0,15,JOR
2012,0,0,0,9,JOR
2016,1,0,0,7,JOR
2000,0,0,0,8,JOR
2004,0,0,0,8,JOR
1988,0,0,0,9,JOR
2008,0,0,0,7,JOR
1992,0,0,0,5,JOR
1996,0,0,0,5,JOR
1980,0,0,0,6,JOR
1976,0,0,0,16,TUN
1988,0,0,0,45,TUN
2008,1,0,0,28,TUN
2012,1,1,1,84,TUN
1996,0,0,1,51,TUN
2016,0,0,3,62,TUN
1960,0,0,0,56,TUN
1984,0,0,0,28,TUN
2000,0,0,0,47,TUN
1964,0,1,1,10,TUN
1968,1,0,1,6,TUN
2004,0,0,0,64,TUN
1972,0,1,0,36,TUN
1992,0,0,0,15,TUN
1996,0,0,0,5,LBY
1980,0,0,0,38,LBY
1988,0,0,0,7,LBY
2004,0,0,0,8,LBY
2000,0,0,0,3,LBY
1992,0,0,0,5,LBY
2008,0,0,0,6,LBY
2016,0,0,0,7,LBY
2012,0,0,0,4,LBY
1968,0,0,0,1,LBY
2016,2,17,2,117,BEL
1956,0,2,0,86,BEL
1960,0,2,2,146,BEL
1924,3,30,11,222,BEL
1932,0,0,1,73,BEL
1928,0,1,5,280,BEL
1936,0,0,14,228,BEL
1948,7,6,8,180,BEL
1920,57,65,66,330,BEL
1912,7,1,11,53,BEL
2012,0,1,2,139,BEL
2014,0,0,0,11,BEL
2008,1,4,0,107,BEL
1976,0,3,6,151,BEL
1980,1,0,0,89,BEL
1952,5,3,0,191,BEL
1964,2,0,1,82,BEL
1984,1,2,2,90,BEL
1908,1,24,8,66,BEL
1988,0,0,2,84,BEL
1992,0,1,2,107,BEL
1996,2,2,2,75,BEL
2000,0,3,4,87,BEL
1968,0,1,2,103,BEL
1972,0,2,0,107,BEL
1900,6,24,13,57,BEL
2004,1,0,2,67,BEL
1994,0,0,0,8,BEL
1906,2,3,6,20,BEL
2002,0,0,0,13,BEL
2006,0,0,0,8,BEL
2010,0,0,0,10,BEL
1998,0,0,1,2,BEL
1988,0,0,1,5,DJI
1992,0,0,0,8,DJI
2016,0,0,0,8,DJI
2012,0,0,0,4,DJI
1996,0,0,0,5,DJI
2008,0,0,0,2,DJI
2000,0,0,0,2,DJI
1984,0,0,0,3,DJI
1996,0,0,0,4,COM
2008,0,0,0,3,COM
2012,0,0,0,3,COM
2016,0,0,0,4,COM
2000,0,0,0,2,COM
2004,0,0,0,3,COM
2016,3,5,10,105,KAZ
2008,2,4,7,133,KAZ
1996,3,4,4,131,KAZ
2012,7,1,5,119,KAZ
2002,0,0,0,101,KAZ
2004,1,4,3,122,KAZ
2014,0,0,1,114,KAZ
2000,3,4,0,151,KAZ
2006,0,0,0,97,KAZ
1998,0,0,2,112,KAZ
2010,0,1,0,99,KAZ
1994,1,2,0,68,KAZ
1928,14,0,0,10,IND
1984,0,0,0,53,IND
1988,0,0,0,58,IND
1992,0,0,0,65,IND
1996,0,0,1,53,IND
2004,0,1,0,80,IND
2008,1,0,2,64,IND
2016,0,1,1,128,IND
1948,20,0,0,69,IND
1980,16,0,0,62,IND
1956,17,0,0,62,IND
2006,0,0,0,5,IND
1964,15,0,0,97,IND
1976,0,0,0,26,IND
1932,15,0,0,11,IND
1936,19,0,0,11,IND
2000,0,0,1,69,IND
1952,14,0,1,79,IND
1960,0,13,0,36,IND
2012,0,2,4,89,IND
1972,0,0,14,29,IND
1920,0,0,0,7,IND
1968,0,0,16,14,IND
1924,7,0,0,24,IND
2014,0,0,0,2,IND
1998,0,0,0,1,IND
2002,0,0,0,1,IND
2010,0,0,0,3,IND
1900,0,2,0,3,IND
1984,0,0,0,42,SAU
2016,0,0,0,11,SAU
1976,0,0,0,19,SAU
1996,0,0,0,34,SAU
2000,0,1,1,21,SAU
2004,0,0,0,16,SAU
1988,0,0,0,13,SAU
2008,0,0,0,18,SAU
2012,0,0,4,19,SAU
1972,0,0,0,14,SAU
1992,0,0,0,17,SAU
1980,0,0,0,71,SYR
2000,0,0,0,8,SYR
1996,1,0,0,7,SYR
1984,0,1,0,8,SYR
2004,0,0,1,5,SYR
1992,0,0,0,9,SYR
1988,0,0,0,13,SYR
2008,0,0,0,7,SYR
2016,0,0,0,7,SYR
1968,0,0,0,2,SYR
2012,0,0,0,10,SYR
1972,0,0,0,5,SYR
1948,0,0,0,1,SYR
1988,0,0,0,9,MDV
2012,0,0,0,5,MDV
2000,0,0,0,4,MDV
2004,0,0,0,4,MDV
1992,0,0,0,10,MDV
1996,0,0,0,9,MDV
2008,0,0,0,4,MDV
2016,0,0,0,4,MDV
1972,0,0,2,38,ETH
1992,1,0,2,21,ETH
2000,4,1,3,19,ETH
2016,1,2,5,30,ETH
2012,3,1,3,27,ETH
1996,2,0,1,16,ETH
2008,4,1,2,22,ETH
1960,1,0,0,14,ETH
2004,2,3,2,20,ETH
1980,2,0,2,44,ETH
1964,1,0,0,18,ETH
1968,1,1,0,24,ETH
1956,0,0,0,30,ETH
2006,0,0,0,1,ETH
2010,0,0,0,1,ETH
1996,0,0,0,4,ARE
1988,0,0,0,36,ARE
1984,0,0,0,11,ARE
2012,0,0,0,26,ARE
1992,0,0,0,36,ARE
2004,1,0,0,4,ARE
2016,0,0,1,11,ARE
2008,0,0,0,9,ARE
2000,0,0,0,5,ARE
2004,1,1,1,28,IDN
1984,0,0,0,23,IDN
1988,0,3,0,40,IDN
2016,0,2,0,25,IDN
2012,0,1,1,20,IDN
1972,0,0,0,7,IDN
2000,2,2,2,36,IDN
1992,2,1,1,39,IDN
1996,2,1,1,29,IDN
1956,0,0,0,24,IDN
1960,0,0,0,22,IDN
1968,0,0,0,6,IDN
2008,0,0,3,15,IDN
1976,0,0,0,11,IDN
1952,0,0,0,3,IDN
1968,0,0,0,89,PHL
1960,0,0,0,46,PHL
1988,0,0,1,42,PHL
1956,0,0,0,48,PHL
1932,0,0,3,5,PHL
1936,0,0,1,39,PHL
1948,0,0,0,31,PHL
1972,0,0,0,83,PHL
1964,0,1,0,66,PHL
2012,0,0,0,11,PHL
2016,0,1,0,12,PHL
1976,0,0,0,22,PHL
1992,0,0,1,39,PHL
2008,0,0,0,17,PHL
1952,0,0,0,28,PHL
1984,0,0,0,32,PHL
1996,0,1,0,17,PHL
2000,0,0,0,22,PHL
2004,0,0,0,21,PHL
1928,0,0,1,5,PHL
2014,0,0,0,1,PHL
1924,0,0,0,2,PHL
1992,0,0,0,37,SGP
1996,0,0,0,35,SGP
2016,1,0,0,31,SGP
1984,0,0,0,14,SGP
1988,0,0,0,27,SGP
1952,0,0,0,7,SGP
2000,0,0,0,23,SGP
2004,0,0,0,22,SGP
2008,0,3,0,33,SGP
1956,0,0,0,52,SGP
1972,0,0,0,12,SGP
1976,0,0,0,4,SGP
2012,0,0,4,32,SGP
1968,0,0,0,6,SGP
1960,0,1,0,4,SGP
1948,0,0,0,1,SGP
1996,0,1,1,93,UZB
2000,1,1,2,81,UZB
2012,1,0,2,53,UZB
2016,4,2,7,67,UZB
2004,2,1,2,74,UZB
2006,0,0,0,4,UZB
2008,1,2,3,63,UZB
1994,1,0,0,6,UZB
1998,0,0,0,4,UZB
2014,0,0,0,5,UZB
2010,0,0,0,5,UZB
2002,0,0,0,6,UZB
2008,0,1,1,20,KGZ
2012,0,0,0,15,KGZ
2004,0,0,0,32,KGZ
2016,0,0,0,19,KGZ
2000,0,0,1,70,KGZ
1996,0,0,0,53,KGZ
2006,0,0,0,2,KGZ
2002,0,0,0,4,KGZ
2010,0,0,0,3,KGZ
1994,0,0,0,2,KGZ
2014,0,0,0,2,KGZ
1998,0,0,0,2,KGZ
2016,1,0,0,6,TJK
2004,0,0,0,9,TJK
2008,0,1,1,14,TJK
2012,0,0,1,15,TJK
1996,0,0,0,8,TJK
2000,0,0,0,4,TJK
2002,0,0,0,2,TJK
2006,0,0,0,3,TJK
2010,0,0,0,4,TJK
2014,0,0,0,1,TJK
1936,9,4,10,351,JPN
1972,30,20,9,368,JPN
1976,25,6,10,374,JPN
1960,9,10,12,320,JPN
1992,6,10,43,469,JPN
1988,4,3,14,504,JPN
1994,3,5,2,115,JPN
1968,16,25,22,321,JPN
2000,5,31,8,319,JPN
2008,23,15,13,406,JPN
1996,3,26,13,406,JPN
1984,10,9,31,390,JPN
2004,21,20,52,321,JPN
2012,7,44,33,315,JPN
1964,32,5,25,479,JPN
1932,10,17,4,205,JPN
2016,17,13,34,372,JPN
2014,1,4,6,160,JPN
1956,4,16,5,223,JPN
1980,0,1,0,79,JPN
1928,2,6,1,57,JPN
1998,8,1,4,232,JPN
2006,1,0,0,189,JPN
2010,0,5,2,146,JPN
1952,1,9,2,146,JPN
2002,0,1,1,201,JPN
1924,0,0,1,36,JPN
1920,0,3,0,23,JPN
1912,0,0,0,4,JPN
1924,18,25,22,224,CHE
1928,16,10,16,227,CHE
1952,2,19,12,272,CHE
2016,6,3,2,137,CHE
2012,2,2,0,118,CHE
1994,2,2,4,86,CHE
1998,6,1,3,96,CHE
1988,4,13,7,241,CHE
1992,1,0,1,286,CHE
2002,3,5,12,135,CHE
1984,2,11,4,295,CHE
1920,6,2,21,97,CHE
1964,1,4,1,200,CHE
1948,7,28,25,306,CHE
1936,5,23,24,297,CHE
2006,5,7,3,150,CHE
1976,2,5,6,162,CHE
2014,6,2,20,187,CHE
1972,3,11,5,313,CHE
1980,2,0,3,142,CHE
1960,2,6,3,240,CHE
2004,1,2,2,129,CHE
1968,0,5,13,187,CHE
2010,6,0,6,174,CHE
1996,5,6,0,161,CHE
2000,1,11,2,124,CHE
2008,3,1,7,101,CHE
1956,2,2,3,79,CHE
1896,1,2,0,5,CHE
1900,13,1,1,28,CHE
1932,0,1,0,14,CHE
1912,2,0,0,5,CHE
1906,8,3,1,33,CHE
1904,1,0,2,4,CHE
1908,0,0,0,1,CHE
1972,0,0,2,102,BRA
1976,0,0,3,86,BRA
2016,36,8,6,533,BRA
2004,18,19,3,278,BRA
1984,1,33,2,161,BRA
1988,1,17,5,210,BRA
2012,14,34,11,247,BRA
1952,1,0,2,116,BRA
1964,0,0,12,53,BRA
1980,4,0,5,140,BRA
1992,13,1,0,235,BRA
1996,5,15,43,188,BRA
2000,0,12,36,188,BRA
2008,14,34,30,260,BRA
1936,0,0,0,94,BRA
1968,0,1,3,85,BRA
1948,0,0,10,95,BRA
1956,1,0,0,62,BRA
1960,0,0,13,73,BRA
1920,1,1,5,31,BRA
1932,0,0,0,67,BRA
1998,0,0,0,1,BRA
2002,0,0,0,10,BRA
2006,0,0,0,12,BRA
2014,0,0,0,17,BRA
1924,0,0,0,18,BRA
2010,0,0,0,7,BRA
1900,0,0,0,3,BRA
1994,0,0,0,1,BRA
1924,0,0,1,8,MCO
1936,0,0,0,11,MCO
1948,0,0,0,4,MCO
1952,0,0,0,8,MCO
1984,0,0,0,10,MCO
2014,0,0,0,11,MCO
2012,0,0,0,6,MCO
1920,0,0,0,7,MCO
1928,0,0,0,12,MCO
1968,0,0,0,2,MCO
1972,0,0,0,5,MCO
1976,0,0,0,10,MCO
1988,0,0,0,13,MCO
1964,0,0,0,1,MCO
2000,0,0,0,4,MCO
1992,0,0,0,8,MCO
1994,0,0,0,7,MCO
1998,0,0,0,6,MCO
1960,0,0,0,10,MCO
2006,0,0,0,10,MCO
2002,0,0,0,7,MCO
2010,0,0,0,6,MCO
2016,0,0,0,8,MCO
1996,0,0,0,4,MCO
2004,0,0,0,3,MCO
2008,0,0,0,5,MCO
1932,0,0,0,1,MCO
1960,0,0,0,46,ISR
1996,0,0,1,37,ISR
1972,0,0,0,17,ISR
1952,0,0,0,31,ISR
1984,0,0,0,65,ISR
1988,0,0,0,29,ISR
1992,0,1,1,42,ISR
2016,0,0,2,57,ISR
1964,0,0,0,13,ISR
2012,0,0,0,56,ISR
2004,1,0,1,44,ISR
2000,0,0,1,57,ISR
2008,0,0,1,59,ISR
1976,0,0,0,34,ISR
1968,0,0,0,39,ISR
2002,0,0,0,7,ISR
2014,0,0,0,6,ISR
1998,0,0,0,3,ISR
2006,0,0,0,6,ISR
1956,0,0,0,3,ISR
2010,0,0,0,4,ISR
1994,0,0,0,1,ISR
1948,0,1,2,74,URY
1988,0,0,0,18,URY
1952,0,0,14,28,URY
1972,0,0,0,20,URY
1936,0,0,0,39,URY
1960,0,0,0,39,URY
2012,0,0,0,27,URY
1968,0,0,0,50,URY
1976,0,0,0,15,URY
1964,0,0,1,28,URY
1924,14,0,0,26,URY
1928,17,0,0,0,URY
2016,0,0,0,17,URY
1996,0,0,0,15,URY
2000,0,1,0,16,URY
1956,0,0,12,17,URY
2008,0,0,0,13,URY
1992,0,0,0,18,URY
2004,0,0,0,18,URY
1932,0,0,1,5,URY
1984,0,0,0,23,URY
1998,0,0,0,1,URY
1912,103,62,25,524,SWE
1992,2,27,13,346,SWE
1988,7,5,34,331,SWE
1948,37,18,33,205,SWE
1952,23,24,46,356,SWE
2000,4,20,8,166,SWE
2004,5,5,2,145,SWE
2008,0,5,2,162,SWE
1972,5,11,10,261,SWE
1920,52,38,64,250,SWE
1960,7,4,5,314,SWE
1964,9,25,9,235,SWE
1928,9,21,23,116,SWE
1980,6,8,29,267,SWE
1936,9,13,23,224,SWE
1908,48,18,18,192,SWE
2012,2,17,3,146,SWE
1924,8,30,43,216,SWE
1984,10,20,34,288,SWE
1976,9,1,2,229,SWE
1998,0,2,5,139,SWE
2002,0,2,24,133,SWE
1932,14,9,12,111,SWE
1956,16,18,15,230,SWE
2016,2,23,3,158,SWE
1968,7,11,7,273,SWE
1996,3,23,5,202,SWE
2006,35,21,8,104,SWE
2010,11,3,4,154,SWE
2014,8,32,11,97,SWE
1994,23,1,0,127,SWE
1906,2,5,14,74,SWE
1900,3,0,1,23,SWE
1896,0,0,0,5,SWE
2000,0,1,0,23,LKA
2016,0,0,0,10,LKA
1992,0,0,0,16,LKA
1996,0,0,0,11,LKA
1984,0,0,0,6,LKA
1988,0,0,0,9,LKA
1964,0,0,0,7,LKA
1960,0,0,0,5,LKA
2004,0,0,0,8,LKA
2012,0,0,0,8,LKA
1948,0,1,0,9,LKA
1980,0,0,0,4,LKA
1952,0,0,0,7,LKA
1956,0,0,0,3,LKA
1972,0,0,0,6,LKA
2008,0,0,0,9,LKA
1968,0,0,0,3,LKA
2016,1,3,0,30,ARM
2008,0,0,6,20,ARM
2004,0,0,0,19,ARM
2012,0,1,2,28,ARM
2002,0,0,0,17,ARM
1994,0,0,0,2,ARM
1996,1,1,0,36,ARM
2000,0,0,1,25,ARM
2006,0,0,0,9,ARM
1998,0,0,0,7,ARM
2014,0,0,0,6,ARM
2010,0,0,0,6,ARM
1992,0,0,0,18,CIV
1996,0,0,0,13,CIV
2008,0,0,0,22,CIV
1964,0,0,0,10,CIV
1984,0,1,0,17,CIV
2012,0,0,0,10,CIV
2016,1,0,1,13,CIV
2000,0,0,0,18,CIV
2004,0,0,0,5,CIV
1988,0,0,0,29,CIV
1972,0,0,0,13,CIV
1976,0,0,0,11,CIV
1968,0,0,0,11,CIV
2016,6,6,1,67,KEN
1988,5,2,2,79,KEN
1984,1,0,2,64,KEN
1992,2,4,2,47,KEN
1960,0,0,0,30,KEN
1964,0,0,1,40,KEN
1996,1,4,3,46,KEN
2008,6,4,5,32,KEN
1972,5,3,4,57,KEN
2012,2,4,5,40,KEN
1956,0,0,0,31,KEN
1968,3,7,2,38,KEN
2000,2,3,2,52,KEN
2004,1,4,2,39,KEN
1998,0,0,0,1,KEN
2002,0,0,0,2,KEN
2006,0,0,0,1,KEN
1980,0,0,0,17,BEN
1984,0,0,0,3,BEN
1972,0,0,0,3,BEN
1992,0,0,0,7,BEN
1996,0,0,0,7,BEN
2012,0,0,0,5,BEN
2004,0,0,0,4,BEN
1988,0,0,0,10,BEN
2016,0,0,0,6,BEN
2000,0,0,0,4,BEN
2008,0,0,0,5,BEN
2002,0,0,0,111,UKR
2006,0,0,3,106,UKR
2010,0,0,0,95,UKR
2014,4,0,1,96,UKR
2004,8,8,31,310,UKR
2008,10,5,16,296,UKR
1996,10,5,19,317,UKR
2000,3,20,12,333,UKR
2012,9,5,12,278,UKR
2016,2,8,5,257,UKR
1998,0,1,0,103,UKR
1994,1,0,1,58,UKR
1928,7,27,25,334,GBR
1936,24,17,12,237,GBR
1976,7,15,11,390,GBR
1980,6,18,24,356,GBR
1920,52,42,17,234,GBR
1924,31,34,30,383,GBR
1906,9,22,8,74,GBR
1912,47,64,59,285,GBR
1968,9,5,5,373,GBR
1972,8,9,12,475,GBR
2012,48,30,48,558,GBR
2000,22,20,12,361,GBR
2008,31,25,25,339,GBR
2004,17,25,15,303,GBR
1992,8,3,39,552,GBR
2002,5,0,1,64,GBR
1948,7,42,14,605,GBR
1908,147,131,90,604,GBR
1984,11,20,42,514,GBR
1988,22,17,15,513,GBR
2016,64,55,26,333,GBR
2014,1,4,5,68,GBR
1960,2,11,15,400,GBR
1964,6,19,5,336,GBR
1996,2,15,9,365,GBR
2010,1,0,0,77,GBR
1932,9,12,14,139,GBR
2006,0,1,0,53,GBR
1998,0,0,4,41,GBR
1952,4,2,26,404,GBR
1956,8,16,22,306,GBR
1900,59,34,15,38,GBR
1896,3,3,3,16,GBR
1994,0,0,3,48,GBR
1904,1,1,0,4,GBR
1996,0,0,0,40,GHA
1964,0,0,1,39,GHA
2016,0,0,0,15,GHA
1992,0,0,20,21,GHA
1952,0,0,0,9,GHA
1968,0,0,0,36,GHA
1972,0,0,1,40,GHA
2000,0,0,0,28,GHA
1960,0,1,0,14,GHA
1984,0,0,0,27,GHA
1988,0,0,0,21,GHA
2008,0,0,0,9,GHA
2012,0,0,0,7,GHA
2004,0,0,0,29,GHA
2010,0,0,0,1,GHA
1972,0,0,0,4,SOM
2004,0,0,0,2,SOM
1988,0,0,0,5,SOM
1996,0,0,0,4,SOM
2000,0,0,0,2,SOM
1984,0,0,0,9,SOM
2012,0,0,0,2,SOM
2008,0,0,0,2,SOM
2016,0,0,0,2,SOM
1998,0,0,0,41,LVA
2014,0,1,4,61,LVA
2012,1,0,0,45,LVA
1936,0,1,1,67,LVA
2006,0,0,1,79,LVA
2010,0,1,0,76,LVA
1992,0,2,1,63,LVA
1924,0,0,0,54,LVA
2008,1,1,1,50,LVA
2016,0,0,0,33,LVA
2002,0,0,0,56,LVA
1928,0,0,0,27,LVA
1932,0,1,0,12,LVA
2000,1,1,1,57,LVA
1994,0,0,0,26,LVA
1996,0,1,0,54,LVA
2004,0,4,0,41,LVA
1988,0,0,0,6,NER
2012,0,0,0,6,NER
2004,0,0,0,4,NER
2016,0,1,0,5,NER
2008,0,0,0,4,NER
2000,0,0,0,4,NER
1984,0,0,0,4,NER
1964,0,0,0,1,NER
1968,0,0,0,2,NER
1972,0,0,1,3,NER
1992,0,0,0,3,NER
1996,0,0,0,3,NER
2004,0,0,0,21,MLI
1968,0,0,0,2,MLI
2008,0,0,0,17,MLI
1996,0,0,0,4,MLI
1972,0,0,0,3,MLI
2000,0,0,0,5,MLI
2012,0,0,0,6,MLI
1988,0,0,0,8,MLI
1964,0,0,0,2,MLI
2016,0,0,0,6,MLI
1992,0,0,0,6,MLI
1980,0,0,0,7,MLI
1984,0,0,0,5,MLI
1956,0,0,0,12,AFG
1936,0,0,0,16,AFG
1948,0,0,0,25,AFG
1980,0,0,0,11,AFG
1964,0,0,0,8,AFG
1972,0,0,0,8,AFG
1968,0,0,0,5,AFG
2004,0,0,0,5,AFG
2008,0,0,1,3,AFG
2012,0,0,1,5,AFG
2016,0,0,0,3,AFG
1988,0,0,0,5,AFG
1960,0,0,0,16,AFG
1996,0,0,0,2,AFG
1980,3,25,22,407,POL
1992,5,22,19,315,POL
1998,0,0,0,79,POL
2002,0,1,1,52,POL
1924,0,4,1,110,POL
1972,28,8,11,437,POL
1976,18,29,26,306,POL
1948,1,0,1,94,POL
1984,0,0,0,42,POL
1988,2,9,10,214,POL
2008,6,13,1,296,POL
2012,2,2,8,244,POL
1928,2,3,15,154,POL
1952,1,2,1,286,POL
1960,4,12,16,303,POL
1936,0,6,6,197,POL
1968,5,2,30,311,POL
2016,3,3,10,273,POL
1964,10,13,23,280,POL
2014,4,4,3,138,POL
2004,4,2,6,212,POL
2000,7,10,7,216,POL
1996,7,8,7,185,POL
1956,1,9,10,172,POL
1932,3,4,14,72,POL
2010,1,3,4,98,POL
1994,0,0,0,59,POL
2006,0,1,1,89,POL
1912,0,0,0,1,POL
1984,0,0,0,39,CRI
1980,0,0,0,40,CRI
1968,0,0,0,27,CRI
1988,0,1,0,37,CRI
2016,0,0,0,12,CRI
1976,0,0,0,10,CRI
1992,0,0,0,26,CRI
2012,0,0,0,11,CRI
2004,0,0,0,21,CRI
1964,0,0,0,2,CRI
2000,0,0,2,7,CRI
1996,1,0,0,12,CRI
2008,0,0,0,8,CRI
1972,0,0,0,4,CRI
1936,0,0,0,1,CRI
2002,0,0,0,2,CRI
2006,0,0,0,1,CRI
1976,0,0,0,13,PAN
1968,0,0,0,16,PAN
1984,0,0,0,10,PAN
1992,0,0,0,7,PAN
2016,0,0,0,14,PAN
1972,0,0,0,8,PAN
1996,0,0,0,9,PAN
2000,0,0,0,7,PAN
2008,1,0,0,4,PAN
1960,0,0,0,8,PAN
1964,0,0,0,15,PAN
2012,0,0,0,8,PAN
1952,0,0,0,1,PAN
2004,0,0,0,5,PAN
1988,0,0,0,9,PAN
1928,0,0,0,2,PAN
1948,0,0,2,0,PAN
2006,0,0,0,4,GEO
2010,0,0,0,9,GEO
2014,0,0,0,7,GEO
1996,0,0,2,40,GEO
1994,0,0,0,7,GEO
1998,0,0,0,6,GEO
2016,2,1,4,38,GEO
2002,0,0,0,6,GEO
2000,0,0,6,41,GEO
2004,2,2,0,35,GEO
2008,3,0,3,32,GEO
2012,1,3,3,29,GEO
1996,0,2,0,45,SVN
2000,3,0,0,87,SVN
2012,1,1,3,73,SVN
2004,0,2,3,93,SVN
2016,1,2,1,66,SVN
2006,0,0,0,96,SVN
2010,0,2,1,104,SVN
2014,2,2,4,108,SVN
1992,0,0,6,102,SVN
1998,0,0,0,69,SVN
2002,0,0,4,92,SVN
2008,1,2,2,68,SVN
1994,0,0,3,56,SVN
2006,1,2,0,43,HRV
1996,16,12,0,89,HRV
2000,1,0,9,98,HRV
1992,0,12,3,39,HRV
2008,0,2,3,120,HRV
2012,15,4,16,83,HRV
2004,15,3,3,79,HRV
2016,7,15,2,69,HRV
2014,0,1,0,24,HRV
2010,0,2,1,34,HRV
2002,3,1,0,25,HRV
1998,0,0,0,13,HRV
1994,0,0,0,11,HRV
2016,0,0,0,7,GUY
1988,0,0,0,8,GUY
2000,0,0,0,4,GUY
1968,0,0,0,6,GUY
1980,0,0,1,9,GUY
1960,0,0,0,6,GUY
1972,0,0,0,4,GUY
1984,0,0,0,12,GUY
2012,0,0,0,6,GUY
2004,0,0,0,4,GUY
2008,0,0,0,4,GUY
1992,0,0,0,7,GUY
1948,0,0,0,7,GUY
1964,0,0,0,1,GUY
1996,0,0,0,9,GUY
1956,0,0,0,6,GUY
1952,0,0,0,1,GUY
1956,3,0,0,54,NZL
1960,2,0,1,56,NZL
1976,15,1,9,86,NZL
1984,16,1,6,148,NZL
2004,4,2,0,178,NZL
2008,4,2,9,186,NZL
2012,9,3,15,177,NZL
2016,6,25,5,196,NZL
2000,1,0,3,173,NZL
1988,4,4,16,107,NZL
1992,1,10,5,169,NZL
1996,3,2,4,120,NZL
1964,4,0,2,82,NZL
1968,5,0,2,73,NZL
1936,1,0,0,8,NZL
1980,0,0,0,18,NZL
1972,9,4,1,104,NZL
1952,1,0,2,23,NZL
2014,0,0,0,18,NZL
2006,0,0,0,18,NZL
1998,0,0,0,9,NZL
1932,0,2,0,27,NZL
2010,0,0,0,22,NZL
1948,0,0,0,8,NZL
1928,1,0,0,12,NZL
1994,0,0,0,16,NZL
2002,0,0,0,16,NZL
1920,0,0,1,5,NZL
1924,0,0,1,5,NZL
1900,1,0,0,0,NZL
1988,1,0,0,94,PRT
1992,0,0,0,115,PRT
1996,1,0,2,128,PRT
2008,1,1,0,82,PRT
2012,0,2,0,96,PRT
2016,0,0,1,105,PRT
1968,0,0,0,33,PRT
1976,0,2,0,34,PRT
1980,0,0,0,18,PRT
1960,0,0,0,99,PRT
1964,0,0,0,20,PRT
1972,0,0,0,41,PRT
2004,0,2,1,90,PRT
1928,0,0,6,29,PRT
1952,0,0,0,148,PRT
2000,0,0,2,62,PRT
1936,0,0,3,20,PRT
1984,1,0,2,45,PRT
1956,0,0,0,13,PRT
1948,0,0,3,54,PRT
1924,0,0,4,43,PRT
1920,0,0,0,40,PRT
1912,0,0,0,8,PRT
1932,0,0,0,8,PRT
2014,0,0,0,4,PRT
1998,0,0,0,2,PRT
1994,0,0,0,4,PRT
2006,0,0,0,1,PRT
2010,0,0,0,1,PRT
1976,0,0,0,6,PRY
2008,0,0,0,7,PRY
2012,0,0,0,10,PRY
2016,0,0,0,11,PRY
1992,0,0,0,31,PRY
2004,0,17,0,5,PRY
1996,0,0,0,7,PRY
1984,0,0,0,18,PRY
1988,0,0,0,13,PRY
2000,0,0,0,5,PRY
1968,0,0,0,1,PRY
1972,0,0,0,3,PRY
2014,0,0,0,1,PRY
2008,0,0,0,33,AGO
2016,0,0,0,26,AGO
2000,0,0,0,30,AGO
2004,0,0,0,30,AGO
2012,0,0,0,35,AGO
1988,0,0,0,33,AGO
1996,0,0,0,30,AGO
1980,0,0,0,17,AGO
1992,0,0,0,33,AGO
1996,0,0,0,53,VEN
2008,0,0,1,125,VEN
2016,0,1,2,102,VEN
1980,0,1,0,42,VEN
2012,1,0,0,84,VEN
2000,0,0,0,65,VEN
2004,0,0,2,51,VEN
1960,0,0,1,53,VEN
1952,0,0,1,62,VEN
1984,0,0,3,41,VEN
1976,0,1,0,55,VEN
1972,0,0,0,33,VEN
1956,0,0,0,38,VEN
1998,0,0,0,1,VEN
2002,0,0,0,4,VEN
1988,0,0,0,17,VEN
1964,0,0,0,23,VEN
1968,1,0,0,29,VEN
1992,0,0,0,27,VEN
1932,0,0,0,1,VEN
2006,0,0,0,1,VEN
1948,0,0,0,2,VEN
2014,0,0,0,1,VEN
2012,1,3,4,112,COL
2016,3,2,3,149,COL
1992,0,0,1,60,COL
1972,0,1,2,72,COL
1948,0,0,0,11,COL
1988,0,0,1,56,COL
1976,0,0,0,44,COL
1980,0,0,0,28,COL
2008,0,1,1,88,COL
2004,0,0,2,69,COL
1960,0,0,0,23,COL
1956,0,0,0,47,COL
1996,0,0,0,62,COL
1968,0,0,0,70,COL
1964,0,0,0,40,COL
1984,0,1,0,47,COL
2000,1,0,0,53,COL
1932,0,0,0,2,COL
1936,0,0,0,6,COL
2010,0,0,0,2,COL
1900,0,1,0,0,COL
2008,0,0,0,5,BGD
2016,0,0,0,7,BGD
2000,0,0,0,6,BGD
2004,0,0,0,4,BGD
1988,0,0,0,11,BGD
1996,0,0,0,4,BGD
1992,0,0,0,9,BGD
2012,0,0,0,7,BGD
1984,0,0,0,2,BGD
1968,0,0,0,33,PER
1964,0,0,0,40,PER
1972,0,0,0,31,PER
1948,1,0,0,48,PER
2000,0,0,0,22,PER
1960,0,0,0,33,PER
1936,0,0,0,46,PER
1984,0,1,0,43,PER
1988,0,12,0,14,PER
1992,0,1,0,20,PER
1996,0,0,0,33,PER
2012,0,0,0,16,PER
1980,0,0,0,38,PER
1956,0,0,0,10,PER
2008,0,0,0,13,PER
1932,0,0,0,3,PER
2004,0,0,0,14,PER
2016,0,0,0,34,PER
2010,0,0,0,5,PER
2014,0,0,0,5,PER
1976,0,0,0,14,PER
1900,0,0,0,2,PER
1968,0,0,0,104,SLV
2016,0,0,0,10,SLV
2012,0,0,0,11,SLV
1972,0,0,0,18,SLV
2008,0,0,0,14,SLV
1988,0,0,0,7,SLV
1996,0,0,0,10,SLV
1984,0,0,0,15,SLV
1932,0,0,0,4,SLV
2000,0,0,0,10,SLV
2004,0,0,0,9,SLV
1992,0,0,0,6,SLV
1992,0,0,1,102,PRI
1988,0,0,0,73,PRI
1996,0,0,1,90,PRI
1964,0,0,0,45,PRI
1968,0,0,0,99,PRI
2016,1,0,0,40,PRI
1984,0,1,1,57,PRI
2004,0,0,0,52,PRI
2012,0,1,1,26,PRI
1972,0,0,0,60,PRI
1976,0,0,1,111,PRI
1994,0,0,0,6,PRI
1998,0,0,0,7,PRI
1952,0,0,0,23,PRI
2008,0,0,0,31,PRI
1960,0,0,0,29,PRI
1948,0,0,1,8,PRI
2000,0,0,0,38,PRI
1956,0,0,0,14,PRI
1980,0,0,0,3,PRI
1984,0,0,0,30,UGA
2012,1,0,0,15,UGA
1996,0,0,1,11,UGA
2000,0,0,0,13,UGA
1988,0,0,0,30,UGA
2016,0,0,0,23,UGA
1972,1,1,0,33,UGA
1960,0,0,0,16,UGA
2004,0,0,0,11,UGA
1980,0,1,0,15,UGA
1964,0,0,0,19,UGA
2008,0,0,0,11,UGA
1968,0,1,1,12,UGA
1956,0,0,0,5,UGA
1992,0,0,0,9,UGA
2016,0,0,0,23,HND
2008,0,0,0,26,HND
1988,0,0,0,18,HND
1996,0,0,0,7,HND
1984,0,0,0,26,HND
1968,0,0,0,6,HND
2004,0,0,0,5,HND
1992,0,0,0,30,HND
2012,0,0,0,25,HND
2000,0,0,0,20,HND
1976,0,0,0,3,HND
1984,0,0,0,15,ECU
2012,0,0,0,36,ECU
2016,0,0,0,40,ECU
1968,0,0,0,41,ECU
1980,0,0,0,16,ECU
2008,0,1,0,25,ECU
2000,0,0,0,11,ECU
1992,0,0,0,15,ECU
1996,1,0,0,27,ECU
2004,0,0,0,18,ECU
1988,0,0,0,15,ECU
1976,0,0,0,8,ECU
1972,0,0,0,4,ECU
1924,0,0,0,4,ECU
2016,0,0,0,9,TKM
2008,0,0,0,10,TKM
1996,0,0,0,7,TKM
2000,0,0,0,8,TKM
2004,0,0,0,10,TKM
2012,0,0,0,10,TKM
2008,0,0,1,10,MUS
2016,0,0,0,11,MUS
1984,0,0,0,7,MUS
2012,0,0,0,11,MUS
2000,0,0,0,26,MUS
1996,0,0,0,32,MUS
2004,0,0,0,9,MUS
1988,0,0,0,11,MUS
1992,0,0,0,22,MUS
1992,0,0,0,21,SYC
1980,0,0,0,21,SYC
2008,0,0,0,10,SYC
2012,0,0,0,6,SYC
2016,0,0,0,10,SYC
2004,0,0,0,10,SYC
1996,0,0,0,9,SYC
2000,0,0,0,9,SYC
1984,0,0,0,15,SYC
1912,0,0,0,44,LUX
1984,0,0,0,5,LUX
1928,1,0,0,111,LUX
1920,0,1,0,34,LUX
1924,1,1,0,120,LUX
1960,0,0,0,117,LUX
1972,0,0,0,15,LUX
1948,0,0,0,115,LUX
1952,1,0,0,100,LUX
1964,0,0,0,27,LUX
1988,0,0,0,14,LUX
2000,0,0,0,9,LUX
1956,0,0,0,27,LUX
2008,0,0,0,19,LUX
1976,0,0,0,9,LUX
1980,0,0,0,4,LUX
2012,0,0,0,11,LUX
2016,0,0,0,15,LUX
1936,0,0,0,134,LUX
1992,0,2,0,11,LUX
2004,0,0,0,14,LUX
1996,0,0,0,7,LUX
1968,0,0,0,7,LUX
1994,0,0,0,5,LUX
1932,0,0,0,11,LUX
2006,0,0,0,1,LUX
2014,0,0,0,1,LUX
1998,0,0,0,1,LUX
1900,1,0,0,0,LUX
1988,0,0,0,7,MRT
1992,0,0,0,6,MRT
1996,0,0,0,4,MRT
2016,0,0,0,2,MRT
2008,0,0,0,2,MRT
1984,0,0,0,2,MRT
2000,0,0,0,2,MRT
2012,0,0,0,2,MRT
2004,0,0,0,2,MRT
1994,0,0,0,117,CZE
1998,21,1,1,96,CZE
2004,1,6,6,158,CZE
2000,2,3,4,153,CZE
2008,3,4,0,151,CZE
2012,4,4,6,145,CZE
2016,1,2,12,120,CZE
2010,2,0,7,163,CZE
2014,2,7,2,168,CZE
1996,4,5,4,156,CZE
2002,1,2,0,160,CZE
2006,1,2,24,143,CZE
2012,0,0,0,7,KNA
2016,0,0,0,9,KNA
1996,0,0,0,14,KNA
2000,0,0,0,4,KNA
2004,0,0,0,2,KNA
2008,0,0,0,6,KNA
1976,1,0,0,19,TTO
1980,0,0,0,15,TTO
1956,0,0,0,10,TTO
2002,0,0,0,3,TTO
2012,1,4,5,28,TTO
2016,0,0,1,42,TTO
2000,0,1,1,27,TTO
2004,0,0,1,25,TTO
1996,0,0,2,14,TTO
1968,0,0,0,25,TTO
1984,0,0,0,23,TTO
2008,5,1,0,29,TTO
1972,0,0,0,36,TTO
1964,0,1,5,12,TTO
1992,0,0,0,13,TTO
1988,0,0,0,10,TTO
1948,0,1,0,8,TTO
1994,0,0,0,2,TTO
1998,0,0,0,2,TTO
1952,0,0,2,0,TTO
1984,0,0,1,23,DOM
2008,1,1,0,25,DOM
1988,0,0,0,18,DOM
1996,0,0,0,16,DOM
1976,0,0,0,11,DOM
2016,0,0,1,29,DOM
1992,0,0,0,32,DOM
2012,1,1,0,34,DOM
2004,1,0,0,32,DOM
1972,0,0,0,5,DOM
2000,0,0,0,13,DOM
1968,0,0,0,24,DOM
1980,0,0,0,7,DOM
1964,0,0,0,1,DOM
1988,0,0,0,6,VCT
2012,0,0,0,3,VCT
2008,0,0,0,2,VCT
2016,0,0,0,4,VCT
1996,0,0,0,12,VCT
2000,0,0,0,4,VCT
1992,0,0,0,8,VCT
2004,0,0,0,3,VCT
1984,0,5,2,68,JAM
1988,0,7,0,48,JAM
2008,5,3,6,52,JAM
2012,8,9,8,37,JAM
1980,0,0,3,29,JAM
2016,11,17,2,47,JAM
2000,0,20,3,42,JAM
2004,6,1,6,49,JAM
1972,0,0,1,50,JAM
1976,1,1,0,34,JAM
1996,1,3,12,53,JAM
1948,1,2,0,23,JAM
1992,0,3,1,55,JAM
1964,0,0,0,32,JAM
1968,0,1,0,34,JAM
2002,0,0,0,2,JAM
2014,0,0,0,2,JAM
1956,0,0,0,13,JAM
1952,5,3,0,8,JAM
1998,0,0,0,6,JAM
2010,0,0,0,1,JAM
1994,0,0,0,6,JAM
2008,0,0,0,4,LBR
2012,0,0,0,3,LBR
1988,0,0,0,11,LBR
2000,0,0,0,10,LBR
1996,0,0,0,7,LBR
1984,0,0,0,10,LBR
1972,0,0,0,5,LBR
1956,0,0,0,11,LBR
1960,0,0,0,6,LBR
1964,0,0,0,2,LBR
2016,0,0,0,3,LBR
2004,0,0,0,2,LBR
1996,0,0,0,11,SUR
2000,0,0,0,5,SUR
1988,1,0,0,9,SUR
1992,0,0,1,8,SUR
1972,0,0,0,3,SUR
1976,0,0,0,4,SUR
1984,0,0,0,7,SUR
2004,0,0,0,4,SUR
2016,0,0,0,6,SUR
1968,0,0,0,1,SUR
2008,0,0,0,4,SUR
2012,0,0,0,5,SUR
2008,0,0,0,8,NPL
2004,0,0,0,6,NPL
1988,0,0,0,20,NPL
1980,0,0,0,10,NPL
2016,0,0,0,7,NPL
1996,0,0,0,6,NPL
2000,0,0,0,5,NPL
1924,1,0,0,0,NPL
2012,0,0,0,5,NPL
1984,0,0,0,10,NPL
1964,0,0,0,6,NPL
2002,0,0,0,2,NPL
1972,0,0,0,2,NPL
1976,0,0,0,1,NPL
1992,0,0,0,2,NPL
2006,0,0,0,1,NPL
2010,0,0,0,1,NPL
2014,0,0,0,1,NPL
2016,0,1,1,44,MNG
1980,0,2,2,63,MNG
1992,0,0,2,47,MNG
2004,0,0,1,20,MNG
2012,0,2,3,27,MNG
1988,0,0,1,40,MNG
2000,0,0,0,23,MNG
2008,2,2,0,27,MNG
1972,0,1,0,51,MNG
1976,0,1,0,32,MNG
1964,0,0,0,62,MNG
1994,0,0,0,2,MNG
1998,0,0,0,3,MNG
2002,0,0,0,4,MNG
1968,0,1,3,44,MNG
1996,0,0,1,17,MNG
2014,0,0,0,2,MNG
1984,0,0,0,12,MNG
2006,0,0,0,2,MNG
2010,0,0,0,2,MNG
1912,0,9,5,118,AUT
1924,3,4,1,52,AUT
1972,1,3,4,203,AUT
2008,0,1,2,90,AUT
1964,5,9,3,181,AUT
1968,3,10,7,151,AUT
1952,2,5,4,301,AUT
2002,3,4,13,128,AUT
2016,0,0,2,83,AUT
2004,3,4,1,84,AUT
2014,4,12,11,186,AUT
1936,7,44,9,375,AUT
2012,0,0,0,90,AUT
2000,3,1,0,110,AUT
1948,3,5,8,307,AUT
1992,9,16,10,213,AUT
1900,0,3,3,20,AUT
1928,3,4,4,151,AUT
1988,4,5,4,236,AUT
1998,3,5,12,134,AUT
1906,3,3,3,91,AUT
1994,2,3,7,118,AUT
1956,5,3,8,128,AUT
1980,4,5,4,145,AUT
1984,1,1,2,231,AUT
1960,2,4,3,231,AUT
1976,2,2,4,181,AUT
1996,0,1,2,89,AUT
2010,11,9,6,106,AUT
2006,16,7,7,102,AUT
1932,2,2,3,38,AUT
1908,0,0,1,12,AUT
1896,2,1,2,3,AUT
1904,2,1,1,3,AUT
2000,0,0,0,5,PLW
2012,0,0,0,5,PLW
2016,0,0,0,6,PLW
2008,0,0,0,5,PLW
2004,0,0,0,4,PLW
2000,2,0,15,60,LTU
2004,1,2,0,67,LTU
2016,0,2,5,73,LTU
2012,2,1,2,67,LTU
1928,0,0,0,17,LTU
1996,0,0,11,70,LTU
2008,0,2,3,73,LTU
1924,0,0,0,13,LTU
2014,0,0,0,20,LTU
1992,1,0,12,54,LTU
1998,0,0,0,18,LTU
2002,0,0,0,21,LTU
1994,0,0,0,13,LTU
2006,0,0,0,14,LTU
2010,0,0,0,13,LTU
1972,0,0,0,7,TGO
2014,0,0,0,3,TGO
2012,0,0,0,6,TGO
1988,0,0,0,6,TGO
1992,0,0,0,9,TGO
1996,0,0,0,7,TGO
2016,0,0,0,5,TGO
2000,0,0,0,3,TGO
1984,0,0,0,6,TGO
2004,0,0,0,3,TGO
2008,0,0,1,3,TGO
2016,0,0,0,11,NAM
2008,0,0,0,11,NAM
2012,0,0,0,9,NAM
2004,0,0,0,10,NAM
1996,0,2,0,8,NAM
1992,0,2,0,8,NAM
2000,0,0,0,16,NAM
1984,0,0,1,44,ISL
1996,0,0,0,15,ISL
2000,0,0,1,28,ISL
2004,0,0,0,34,ISL
1976,0,0,0,38,ISL
1992,0,0,0,46,ISL
1988,0,0,0,48,ISL
1948,0,0,0,35,ISL
2008,0,14,0,17,ISL
2012,0,0,0,36,ISL
1994,0,0,0,14,ISL
1998,0,0,0,12,ISL
2014,0,0,0,11,ISL
1972,0,0,0,30,ISL
1960,0,0,0,21,ISL
1964,0,0,0,15,ISL
1968,0,0,0,24,ISL
1952,0,0,0,42,ISL
2002,0,0,0,12,ISL
2006,0,0,0,12,ISL
2010,0,0,0,7,ISL
1980,0,0,0,24,ISL
1956,0,1,0,15,ISL
2016,0,0,0,14,ISL
1936,0,0,0,13,ISL
1912,0,0,0,2,ISL
1908,0,0,0,1,ISL
2008,0,0,0,4,ASM
1992,0,0,0,3,ASM
1996,0,0,0,7,ASM
2012,0,0,0,4,ASM
1988,0,0,0,6,ASM
2016,0,0,0,4,ASM
1994,0,0,0,2,ASM
2004,0,0,0,3,ASM
2000,0,0,0,4,ASM
2016,0,0,0,9,WSM
2004,0,0,0,3,WSM
2008,0,0,0,7,WSM
1988,0,0,0,11,WSM
1992,0,0,0,5,WSM
1984,0,0,0,9,WSM
2012,0,0,0,9,WSM
1996,0,0,0,5,WSM
2000,0,0,0,5,WSM
2012,0,0,0,7,RWA
1984,0,0,0,6,RWA
2016,0,0,0,7,RWA
2004,0,0,0,5,RWA
2008,0,0,0,4,RWA
1988,0,0,0,8,RWA
2000,0,0,0,5,RWA
1996,0,0,0,4,RWA
1992,0,0,0,10,RWA
2000,0,0,0,4,DMA
1996,0,0,0,6,DMA
2014,0,0,0,1,DMA
2016,0,0,0,2,DMA
2012,0,0,0,2,DMA
2008,0,0,0,2,DMA
2004,0,0,0,2,DMA
1988,0,0,0,5,HTI
1996,0,0,0,7,HTI
1924,0,0,5,11,HTI
2008,0,0,0,7,HTI
2004,0,0,0,8,HTI
2016,0,0,0,10,HTI
1928,0,1,0,2,HTI
1932,0,0,0,3,HTI
1976,0,0,0,14,HTI
1972,0,0,0,7,HTI
2000,0,0,0,5,HTI
1900,0,0,0,3,HTI
2012,0,0,0,5,HTI
1984,0,0,0,3,HTI
1992,0,0,0,8,HTI
1960,0,0,0,1,HTI
1980,0,0,0,12,MLT
1984,0,0,0,7,MLT
1988,0,0,0,6,MLT
2004,0,0,0,7,MLT
2000,0,0,0,7,MLT
2008,0,0,0,6,MLT
1936,0,0,0,11,MLT
2016,0,0,0,8,MLT
1972,0,0,0,5,MLT
1928,0,0,0,9,MLT
1996,0,0,0,10,MLT
1960,0,0,0,13,MLT
2012,0,0,0,5,MLT
1992,0,0,0,8,MLT
1968,0,0,0,1,MLT
1948,0,0,0,1,MLT
2014,0,0,0,2,MLT
1984,0,0,0,22,CYP
2000,0,0,0,24,CYP
2004,0,0,0,21,CYP
2008,0,0,0,18,CYP
2012,0,1,0,12,CYP
1996,0,0,0,24,CYP
1980,0,0,0,21,CYP
1988,0,0,0,19,CYP
1992,0,0,0,30,CYP
2016,0,0,0,21,CYP
1994,0,0,0,1,CYP
2002,0,0,0,2,CYP
2006,0,0,0,2,CYP
2014,0,0,0,2,CYP
2010,0,0,0,4,CYP
1998,0,0,0,1,CYP
1980,0,0,0,10,GIN
1988,0,0,0,7,GIN
1992,0,0,0,11,GIN
2000,0,0,0,6,GIN
2016,0,0,0,5,GIN
1968,0,0,0,15,GIN
2008,0,0,0,5,GIN
2012,0,0,0,4,GIN
1984,0,0,0,1,GIN
1996,0,0,0,5,GIN
2004,0,0,0,4,GIN
2004,0,0,0,2,BLZ
1968,0,0,0,7,BLZ
1988,0,0,0,13,BLZ
1984,0,0,0,13,BLZ
1992,0,0,0,18,BLZ
2008,0,0,0,4,BLZ
1996,0,0,0,5,BLZ
2016,0,0,0,3,BLZ
2000,0,0,0,2,BLZ
2012,0,0,0,3,BLZ
1972,0,0,0,2,BLZ
1976,0,0,0,4,BLZ
1992,33,6,17,323,KOR
1994,7,1,1,36,KOR
1998,6,4,2,67,KOR
2016,13,3,10,237,KOR
1984,6,28,7,237,KOR
1988,28,37,12,530,KOR
1964,0,2,1,253,KOR
1948,0,0,2,53,KOR
1956,0,1,1,44,KOR
1968,0,1,1,78,KOR
1972,0,1,0,53,KOR
1976,1,1,15,43,KOR
1996,10,49,7,351,KOR
1960,0,0,0,69,KOR
2008,41,11,26,251,KOR
2010,6,10,2,66,KOR
2004,14,28,10,292,KOR
2002,5,2,0,80,KOR
2006,14,3,2,66,KOR
2000,12,26,35,286,KOR
2012,18,13,30,251,KOR
1952,0,0,2,20,KOR
2014,7,5,2,116,KOR
1980,0,0,0,24,KOR
1956,0,0,0,40,THA
1984,0,1,0,39,THA
2016,2,2,2,52,THA
2008,2,2,0,49,THA
2012,0,2,1,40,THA
1964,0,0,0,67,THA
1972,0,0,0,37,THA
1960,0,0,0,24,THA
1968,0,0,0,46,THA
1976,0,0,1,61,THA
2004,3,1,4,43,THA
1992,0,0,1,63,THA
1988,0,0,1,14,THA
1996,1,0,1,56,THA
2000,1,0,2,65,THA
1952,0,0,0,15,THA
2002,0,0,0,2,THA
2006,0,0,0,1,THA
2014,0,0,0,3,THA
2004,0,0,0,10,BMU
2008,0,0,0,6,BMU
1988,0,0,0,14,BMU
1972,0,0,0,9,BMU
1948,0,0,0,28,BMU
1952,0,0,0,12,BMU
1996,0,0,0,10,BMU
1936,0,0,0,9,BMU
1968,0,0,0,6,BMU
1976,0,0,1,19,BMU
1992,0,0,0,30,BMU
2000,0,0,0,7,BMU
2012,0,0,0,8,BMU
1984,0,0,0,13,BMU
2016,0,0,0,8,BMU
1960,0,0,0,1,BMU
1964,0,0,0,1,BMU
2010,0,0,0,1,BMU
2014,0,0,0,1,BMU
1994,0,0,0,1,BMU
1998,0,0,0,1,BMU
2002,0,0,0,1,BMU
2006,0,0,0,1,BMU
1980,0,0,0,32,SLE
1992,0,0,0,15,SLE
1996,0,0,0,19,SLE
2004,0,0,0,2,SLE
2000,0,0,0,3,SLE
1984,0,0,0,10,SLE
2008,0,0,0,3,SLE
1968,0,0,0,4,SLE
1988,0,0,0,20,SLE
2016,0,0,0,4,SLE
2012,0,0,0,2,SLE
1996,0,0,0,17,PNG
1988,0,0,0,15,PNG
1992,0,0,0,19,PNG
2016,0,0,0,8,PNG
2000,0,0,0,5,PNG
2004,0,0,0,6,PNG
2008,0,0,0,9,PNG
1984,0,0,0,12,PNG
1976,0,0,0,9,PNG
2012,0,0,0,8,PNG
2004,0,0,0,3,YEM
1992,0,0,0,8,YEM
2008,0,0,0,8,YEM
2012,0,0,0,4,YEM
1996,0,0,0,4,YEM
2000,0,0,0,2,YEM
2016,0,0,0,3,YEM
1984,0,0,0,22,OMN
2016,0,0,0,4,OMN
1992,0,0,0,5,OMN
1988,0,0,0,13,OMN
2008,0,0,0,4,OMN
2000,0,0,0,8,OMN
2004,0,0,0,2,OMN
2012,0,0,0,3,OMN
1996,0,0,0,5,OMN
2012,0,0,0,9,FJI
1984,0,0,0,26,FJI
1988,0,0,0,42,FJI
2016,13,0,0,40,FJI
1956,0,0,0,5,FJI
1992,0,0,0,36,FJI
1996,0,0,0,21,FJI
2004,0,0,0,9,FJI
2008,0,0,0,6,FJI
1968,0,0,0,1,FJI
1960,0,0,0,3,FJI
1976,0,0,0,5,FJI
2000,0,0,0,9,FJI
1994,0,0,0,1,FJI
1972,0,0,0,4,FJI
2002,0,0,0,2,FJI
2012,0,0,0,5,VUT
1988,0,0,0,6,VUT
1992,0,0,0,8,VUT
1996,0,0,0,4,VUT
2004,0,0,0,2,VUT
2008,0,0,0,3,VUT
2000,0,0,0,3,VUT
2016,0,0,0,4,VUT
2016,0,0,0,23,MDA
1996,0,2,1,47,MDA
2012,0,0,2,18,MDA
2010,0,0,0,11,MDA
2000,0,1,1,33,MDA
2004,0,0,0,33,MDA
2008,0,0,1,29,MDA
2006,0,0,0,10,MDA
1998,0,0,0,4,MDA
2002,0,0,0,9,MDA
2014,0,0,0,5,MDA
1994,0,0,0,4,MDA
1952,0,0,0,1,BHS
1956,0,0,0,3,BHS
1960,0,0,0,4,BHS
1968,0,0,0,22,BHS
2000,6,0,5,28,BHS
2004,1,0,1,26,BHS
2008,0,6,1,26,BHS
2012,4,0,0,25,BHS
2016,1,0,5,32,BHS
1972,0,0,0,25,BHS
1976,0,0,0,19,BHS
1984,0,0,0,31,BHS
1996,0,5,0,31,BHS
1964,0,0,0,4,BHS
1988,0,0,0,18,BHS
1992,0,0,1,17,BHS
1968,0,0,0,67,GTM
2012,0,1,0,23,GTM
1984,0,0,0,53,GTM
1976,0,0,0,28,GTM
1988,0,0,0,52,GTM
2004,0,0,0,19,GTM
2008,0,0,0,13,GTM
1992,0,0,0,41,GTM
1952,0,0,0,35,GTM
2016,0,0,0,25,GTM
2000,0,0,0,18,GTM
1996,0,0,0,28,GTM
1972,0,0,0,11,GTM
1980,0,0,0,10,GTM
1932,0,0,0,1,GTM
2012,1,1,14,118,SRB
2016,14,27,13,73,SRB
2008,0,1,14,82,SRB
2014,0,0,0,17,SRB
2010,0,0,0,15,SRB
1912,0,0,0,2,SRB
1980,0,0,0,16,MOZ
2000,1,0,0,3,MOZ
1988,0,0,0,12,MOZ
2016,0,0,0,8,MOZ
2008,0,0,0,4,MOZ
2012,0,0,0,6,MOZ
1984,0,0,0,14,MOZ
2004,0,0,0,4,MOZ
1992,0,0,0,7,MOZ
1996,0,0,1,2,MOZ
2004,0,0,0,4,CAF
1992,0,0,0,21,CAF
1984,0,0,0,3,CAF
1988,0,0,0,15,CAF
1996,0,0,0,5,CAF
2008,0,0,0,3,CAF
2012,0,0,0,6,CAF
2016,0,0,0,6,CAF
2000,0,0,0,3,CAF
1968,0,0,0,1,CAF
2012,0,0,0,7,MDG
2016,0,0,0,6,MDG
1972,0,0,0,13,MDG
2004,0,0,0,8,MDG
2008,0,0,0,6,MDG
1980,0,0,0,18,MDG
2000,0,0,0,13,MDG
1984,0,0,0,5,MDG
1964,0,0,0,4,MDG
1992,0,0,0,17,MDG
1996,0,0,0,14,MDG
1968,0,0,0,6,MDG
2006,0,0,0,2,MDG
2008,0,0,0,7,BIH
2016,0,0,0,11,BIH
1994,0,0,0,12,BIH
1998,0,0,0,12,BIH
2002,0,0,0,4,BIH
1992,0,0,0,13,BIH
2006,0,0,0,9,BIH
1996,0,0,0,12,BIH
2000,0,0,0,11,BIH
2004,0,0,0,11,BIH
2012,0,0,0,8,BIH
2010,0,0,0,10,BIH
2014,0,0,0,14,BIH
2008,0,0,0,7,GUM
1992,0,0,0,45,GUM
1988,0,0,0,27,GUM
2012,0,0,0,8,GUM
1996,0,0,0,9,GUM
2000,0,0,0,7,GUM
2004,0,0,0,4,GUM
2016,0,0,0,5,GUM
2016,0,0,0,5,CYM
1988,0,0,0,12,CYM
1992,0,0,0,13,CYM
1996,0,0,0,9,CYM
1984,0,0,0,14,CYM
2008,0,0,0,6,CYM
2012,0,0,0,7,CYM
2004,0,0,0,8,CYM
1976,0,0,0,2,CYM
2000,0,0,0,4,CYM
2010,0,0,0,1,CYM
2014,0,0,0,2,CYM
2000,2,3,1,126,SVK
2004,3,2,5,74,SVK
2010,1,1,1,104,SVK
2002,0,0,0,79,SVK
2006,0,1,0,113,SVK
1994,0,0,0,67,SVK
1998,0,0,0,64,SVK
2014,1,0,0,114,SVK
2016,3,5,0,55,SVK
1996,1,1,1,95,SVK
2008,4,5,1,57,SVK
2012,0,1,4,60,SVK
2000,0,0,1,27,BRB
2004,0,0,0,15,BRB
1992,0,0,0,22,BRB
2008,0,0,0,10,BRB
2012,0,0,0,8,BRB
1988,0,0,0,26,BRB
1972,0,0,0,20,BRB
1984,0,0,0,25,BRB
2016,0,0,0,13,BRB
1968,0,0,0,13,BRB
1976,0,0,0,17,BRB
1996,0,0,0,22,BRB
2004,0,0,0,2,TLS
2016,0,0,0,3,TLS
2014,0,0,0,1,TLS
2012,0,0,0,2,TLS
2008,0,0,0,1,TLS
1996,0,0,0,14,COD
1988,0,0,0,21,COD
1992,0,0,0,19,COD
2004,0,0,0,6,COD
1984,0,0,0,9,COD
1968,0,0,0,8,COD
2000,0,0,0,3,COD
2016,0,0,0,4,COD
2012,0,0,0,4,COD
2008,0,0,0,5,COD
2016,0,0,0,6,GAB
2012,0,1,0,20,GAB
2008,0,0,0,4,GAB
2004,0,0,0,5,GAB
1992,0,0,0,5,GAB
1988,0,0,0,2,GAB
1996,0,0,0,9,GAB
2000,0,0,0,6,GAB
1972,0,0,0,1,GAB
1984,0,0,0,4,GAB
1992,0,0,0,28,SMR
1996,0,0,0,7,SMR
2000,0,0,0,4,SMR
2004,0,0,0,5,SMR
1976,0,0,0,13,SMR
1988,0,0,0,27,SMR
1984,0,0,0,37,SMR
2008,0,0,0,4,SMR
2006,0,0,0,1,SMR
2010,0,0,0,1,SMR
1980,0,0,0,16,SMR
1960,0,0,0,13,SMR
1972,0,0,0,7,SMR
1994,0,0,0,3,SMR
1968,0,0,0,4,SMR
2002,0,0,0,1,SMR
2012,0,0,0,4,SMR
2014,0,0,0,2,SMR
2016,0,0,0,4,SMR
1996,0,0,0,5,LAO
2004,0,0,0,5,LAO
1980,0,0,0,19,LAO
2016,0,0,0,5,LAO
2008,0,0,0,4,LAO
2012,0,0,0,3,LAO
2000,0,0,0,3,LAO
1992,0,0,0,7,LAO
1988,0,0,0,3,LAO
2012,0,1,0,3,BWA
2016,0,0,0,14,BWA
1996,0,0,0,7,BWA
1984,0,0,0,8,BWA
2008,0,0,0,11,BWA
2004,0,0,0,12,BWA
2000,0,0,0,9,BWA
1980,0,0,0,8,BWA
1992,0,0,0,6,BWA
1988,0,0,0,11,BWA
1976,1,1,0,38,PRK
2008,2,1,3,60,PRK
2012,4,0,2,51,PRK
1992,4,0,7,148,PRK
1964,0,1,0,19,PRK
2000,0,1,3,43,PRK
1980,0,3,2,116,PRK
2016,2,3,2,31,PRK
1996,2,1,2,31,PRK
2004,0,4,1,66,PRK
1972,1,1,13,78,PRK
1984,0,0,0,17,PRK
1988,0,0,0,15,PRK
2006,0,0,0,7,PRK
1998,0,0,0,17,PRK
2010,0,0,0,3,PRK
1996,0,0,0,4,SLB
1984,0,0,0,3,SLB
1992,0,0,0,1,SLB
1988,0,0,0,5,SLB
2016,0,0,0,3,SLB
2008,0,0,0,3,SLB
2000,0,0,0,2,SLB
2004,0,0,0,2,SLB
2012,0,0,0,4,SLB
1972,0,0,0,40,SEN
1988,0,1,0,34,SEN
1992,0,0,0,35,SEN
2012,0,0,0,32,SEN
2008,0,0,0,17,SEN
1976,0,0,0,33,SEN
1984,0,0,0,31,SEN
1980,0,0,0,39,SEN
2004,0,0,0,21,SEN
2016,0,0,0,22,SEN
1968,0,0,0,24,SEN
2000,0,0,0,32,SEN
1996,0,0,0,12,SEN
1964,0,0,0,14,SEN
1994,0,0,0,1,SEN
2006,0,0,0,3,SEN
2010,0,0,0,2,SEN
1996,0,0,0,3,CPV
2016,0,0,0,5,CPV
2008,0,0,0,2,CPV
2000,0,0,0,2,CPV
2004,0,0,0,3,CPV
2012,0,0,0,3,CPV
1992,0,0,0,8,GNQ
1996,0,0,0,8,GNQ
2000,0,0,0,4,GNQ
1984,0,0,0,5,GNQ
1988,0,0,0,7,GNQ
2004,0,0,0,2,GNQ
2012,0,0,0,2,GNQ
2016,0,0,0,1,GNQ
2008,0,0,0,3,GNQ
1992,0,0,0,29,BOL
1988,0,0,0,20,BOL
1972,0,0,0,14,BOL
1968,0,0,0,4,BOL
1984,0,0,0,18,BOL
1980,0,0,0,8,BOL
2012,0,0,0,5,BOL
1996,0,0,0,9,BOL
2008,0,0,0,7,BOL
2000,0,0,0,5,BOL
2016,0,0,0,12,BOL
1936,0,0,0,2,BOL
2004,0,0,0,11,BOL
1956,0,0,0,2,BOL
1976,0,0,0,5,BOL
1964,0,0,0,1,BOL
2002,0,0,0,5,AND
2006,0,0,0,10,AND
1976,0,0,0,14,AND
2016,0,0,0,4,AND
1996,0,0,0,8,AND
2000,0,0,0,5,AND
2004,0,0,0,6,AND
2008,0,0,0,5,AND
2012,0,0,0,6,AND
1992,0,0,0,22,AND
1988,0,0,0,13,AND
1994,0,0,0,13,AND
1998,0,0,0,7,AND
1980,0,0,0,11,AND
1984,0,0,0,8,AND
2010,0,0,0,20,AND
2014,0,0,0,12,AND
1992,0,0,0,18,ATG
2004,0,0,0,5,ATG
2008,0,0,0,5,ATG
2012,0,0,0,4,ATG
2016,0,0,0,9,ATG
1996,0,0,0,19,ATG
2000,0,0,0,4,ATG
1984,0,0,0,27,ATG
1988,0,0,0,25,ATG
1976,0,0,0,17,ATG
2004,1,1,1,11,ZWE
1988,0,0,0,47,ZWE
2008,1,3,0,12,ZWE
1964,0,0,0,31,ZWE
2016,0,0,0,31,ZWE
1928,0,0,0,2,ZWE
1996,0,0,0,21,ZWE
2000,0,0,0,26,ZWE
1980,15,0,0,37,ZWE
1992,0,0,0,28,ZWE
1984,0,0,0,20,ZWE
1960,0,0,0,10,ZWE
2012,0,0,0,9,ZWE
2014,0,0,0,2,ZWE
2004,0,0,0,5,GRD
1984,0,0,0,6,GRD
2008,0,0,0,9,GRD
2012,1,0,0,7,GRD
1996,0,0,0,5,GRD
2016,0,1,0,5,GRD
1988,0,0,0,7,GRD
1992,0,0,0,5,GRD
2000,0,0,0,3,GRD
2012,0,0,1,54,HKG
2008,0,0,0,47,HKG
2016,0,0,0,47,HKG
1988,0,0,0,91,HKG
1992,0,0,0,66,HKG
1964,0,0,0,50,HKG
1996,1,0,0,31,HKG
2004,0,2,0,40,HKG
1976,0,0,0,50,HKG
2000,0,0,0,46,HKG
1972,0,0,0,18,HKG
1984,0,0,0,87,HKG
1952,0,0,0,9,HKG
1956,0,0,0,4,HKG
1960,0,0,0,4,HKG
1968,0,0,0,25,HKG
2006,0,0,0,3,HKG
2010,0,0,0,3,HKG
2014,0,0,0,1,HKG
2002,0,0,0,5,HKG
2016,0,0,0,5,LCA
1996,0,0,0,8,LCA
2008,0,0,0,4,LCA
2012,0,0,0,4,LCA
2004,0,0,0,2,LCA
2000,0,0,0,5,LCA
2016,0,0,0,5,FSM
2004,0,0,0,5,FSM
2008,0,0,0,5,FSM
2012,0,0,0,6,FSM
2000,0,0,0,5,FSM
2012,0,0,0,6,MMR
1956,0,0,0,10,MMR
1972,0,0,0,19,MMR
1964,0,0,0,12,MMR
2000,0,0,0,7,MMR
1960,0,0,0,8,MMR
1968,0,0,0,4,MMR
1996,0,0,0,3,MMR
2016,0,0,0,8,MMR
1988,0,0,0,3,MMR
1992,0,0,0,5,MMR
1984,0,0,0,1,MMR
2008,0,0,0,7,MMR
1952,0,0,0,5,MMR
1948,0,0,0,5,MMR
2004,0,0,0,2,MMR
1980,0,0,0,2,MMR
1984,0,0,0,23,MWI
1988,0,0,0,22,MWI
2008,0,0,0,4,MWI
2000,0,0,0,2,MWI
2004,0,0,0,4,MWI
1972,0,0,0,18,MWI
2016,0,0,0,5,MWI
1996,0,0,0,2,MWI
1992,0,0,0,4,MWI
2012,0,0,0,3,MWI
1964,0,0,0,15,ZMB
1980,0,0,0,43,ZMB
1992,0,0,0,11,ZMB
2008,0,0,0,8,ZMB
1988,0,0,0,33,ZMB
2000,0,0,0,8,ZMB
2004,0,0,0,6,ZMB
1972,0,0,0,12,ZMB
1984,0,0,1,17,ZMB
2016,0,0,0,7,ZMB
1996,0,1,0,7,ZMB
2012,0,0,0,7,ZMB
1968,0,0,0,7,ZMB
1996,0,0,0,2,STP
2008,0,0,0,4,STP
2016,0,0,0,3,STP
2012,0,0,0,2,STP
2004,0,0,0,2,STP
2000,0,0,0,2,STP
2016,0,0,0,6,MKD
2012,0,0,0,4,MKD
1996,0,0,0,16,MKD
2000,0,0,1,14,MKD
2006,0,0,0,5,MKD
2010,0,0,0,4,MKD
2014,0,0,0,6,MKD
1998,0,0,0,3,MKD
2002,0,0,0,4,MKD
2004,0,0,0,14,MKD
2008,0,0,0,7,MKD
2014,0,0,0,1,TON
1988,0,0,0,7,TON
2016,0,0,0,7,TON
2012,0,0,0,3,TON
1984,0,0,0,7,TON
2004,0,0,0,5,TON
1996,0,1,0,4,TON
1992,0,0,0,5,TON
2000,0,0,0,3,TON
2008,0,0,0,3,TON
1972,0,0,0,22,LIE
1988,0,0,1,51,LIE
1968,0,0,0,20,LIE
1948,0,0,0,18,LIE
1956,0,0,0,14,LIE
1976,0,0,2,27,LIE
1992,0,0,0,26,LIE
1996,0,0,0,2,LIE
1960,0,0,0,17,LIE
1964,0,0,0,15,LIE
1936,0,0,0,12,LIE
1984,0,0,2,25,LIE
1994,0,0,0,25,LIE
1998,0,0,0,19,LIE
2002,0,0,0,18,LIE
2006,0,0,0,12,LIE
2010,0,0,0,5,LIE
1980,2,2,0,13,LIE
2000,0,0,0,2,LIE
2004,0,0,0,1,LIE
2008,0,0,0,2,LIE
2014,0,0,0,5,LIE
1952,0,0,0,2,LIE
2012,0,0,0,4,LIE
2016,0,0,0,3,LIE
2012,0,14,0,20,MNE
2016,0,0,0,35,MNE
2008,0,0,0,20,MNE
2014,0,0,0,3,MNE
2010,0,0,0,2,MNE
2016,0,0,0,4,GMB
1984,0,0,0,16,GMB
2012,0,0,0,2,GMB
1988,0,0,0,6,GMB
1996,0,0,0,12,GMB
2000,0,0,0,2,GMB
2008,0,0,0,3,GMB
1992,0,0,0,8,GMB
2004,0,0,0,3,GMB
2016,0,0,0,9,COK
2012,0,0,0,9,COK
2004,0,0,0,3,COK
2008,0,0,0,4,COK
1988,0,0,0,8,COK
1992,0,0,0,2,COK
1996,0,0,0,3,COK
2000,0,0,0,2,COK
2008,0,0,0,12,ALB
2012,0,0,0,10,ALB
1992,0,0,0,9,ALB
1996,0,0,0,9,ALB
2016,0,0,0,6,ALB
2004,0,0,0,7,ALB
1972,0,0,0,5,ALB
2000,0,0,0,5,ALB
2014,0,0,0,2,ALB
2006,0,0,0,3,ALB
2010,0,0,0,2,ALB
2000,0,0,0,6,SWZ
2004,0,0,0,3,SWZ
2008,0,0,0,4,SWZ
1992,0,0,0,13,SWZ
1984,0,0,0,11,SWZ
1988,0,0,0,15,SWZ
2012,0,0,0,3,SWZ
1972,0,0,0,4,SWZ
1996,0,0,0,6,SWZ
2016,0,0,0,2,SWZ
1972,0,0,0,1,BFA
1992,0,0,0,4,BFA
1996,0,0,0,5,BFA
1988,0,0,0,9,BFA
2012,0,0,0,5,BFA
2016,0,0,0,5,BFA
2008,0,0,0,6,BFA
2004,0,0,0,5,BFA
2000,0,0,0,4,BFA
2012,0,0,0,6,BDI
2004,0,0,0,7,BDI
2016,0,1,0,9,BDI
1996,1,0,0,6,BDI
2000,0,0,0,6,BDI
2008,0,0,0,3,BDI
2000,0,0,0,5,ABW
2004,0,0,0,4,ABW
1992,0,0,0,5,ABW
1996,0,0,0,3,ABW
1988,0,0,0,12,ABW
2012,0,0,0,4,ABW
2016,0,0,0,7,ABW
2008,0,0,0,2,ABW
2016,0,0,0,2,NRU
2004,0,0,0,3,NRU
2008,0,0,0,1,NRU
2012,0,0,0,2,NRU
1996,0,0,0,3,NRU
2000,0,0,0,2,NRU
1968,0,0,0,9,VNM
1952,0,0,0,13,VNM
1972,0,0,0,2,VNM
1964,0,0,0,23,VNM
1956,0,0,0,10,VNM
1960,0,0,0,5,VNM
2012,0,0,0,6,KHM
1972,0,0,0,17,KHM
2016,0,0,0,6,KHM
1964,0,0,0,13,KHM
1956,0,0,0,2,KHM
2008,0,0,0,4,KHM
2000,0,0,0,4,KHM
2004,0,0,0,4,KHM
1996,0,0,0,5,KHM
1984,0,0,0,6,BTN
2012,0,0,0,2,BTN
2000,0,0,0,2,BTN
2004,0,0,0,2,BTN
2008,0,0,0,2,BTN
1988,0,0,0,6,BTN
1992,0,0,0,12,BTN
1996,0,0,0,2,BTN
2016,0,0,0,2,BTN
2016,0,0,0,5,MHL
2008,0,0,0,5,MHL
2012,0,0,0,4,MHL
2012,0,0,0,3,KIR
2008,0,0,0,2,KIR
2016,0,0,0,3,KIR
2004,0,0,0,3,KIR
2008,0,0,0,3,TUV
2012,0,0,0,3,TUV
2016,0,0,0,1,TUV
2016,0,0,0,3,SSD
1980,0,0,0,7,LSO
2000,0,0,0,6,LSO
1988,0,0,0,6,LSO
1996,0,0,0,11,LSO
2008,0,0,0,5,LSO
2004,0,0,0,3,LSO
2012,0,0,0,4,LSO
2016,0,0,0,9,LSO
1992,0,0,0,8,LSO
1984,0,0,0,5,LSO
1972,0,0,0,2,LSO
